nationality,gender,license_type,age_group,licenses_num,load_timestamp
"اذربيجان","MALE","Change Plate Number","19-20","1","2026-02-23 16:21:09"
"نيوزيلندا","FEMALE","Registration","30-40","1","2026-02-23 16:21:09"
"اليمن","FEMALE","Registration","30-40","9","2026-02-23 16:21:09"
"اوكرانيا","FEMALE","Change Plate Number","40-60","1","2026-02-23 16:21:09"
"بلغاريا","MALE","Registration","40-60","6","2026-02-23 16:21:09"
"جمهوريه قرغيزيا","MALE","Registration","40-60","1","2026-02-23 16:21:09"
"الامارات","MALE","Update Info","40-60","38","2026-02-23 16:21:09"
"اوزباكستان","MALE","Registration","60+","1","2026-02-23 16:21:09"
"ايرلندا","FEMALE","Registration","40-60","7","2026-02-23 16:21:09"
"الامارات","MALE","Change Plate Number","20-30","9","2026-02-23 16:21:09"
"صربيا","FEMALE","Registration","40-60","3","2026-02-23 16:21:09"
"الدانمارك","MALE","Registration","20-30","1","2026-02-23 16:21:09"
"هولندا","MALE","Transfer of Ownership","40-60","1","2026-02-23 16:21:09"
"السويد","FEMALE","Registration","20-30","4","2026-02-23 16:21:09"
"بنغلاديش","MALE","Registration","30-40","93","2026-02-23 16:21:09"
"بولندا","MALE","Registration","60+","1","2026-02-23 16:21:09"
"المملكه المتحدة","FEMALE","Transfer of Ownership","40-60","2","2026-02-23 16:21:09"
"اذربيجان","MALE","Registration","19-20","2","2026-02-23 16:21:09"
"فرنسا","MALE","Transfer of Ownership","30-40","2","2026-02-23 16:21:09"
"اوكرانيا","MALE","Update Info","30-40","1","2026-02-23 16:21:09"
"اوكرانيا","FEMALE","Registration","30-40","31","2026-02-23 16:21:09"
"روسيا البيضاء","FEMALE","Registration","30-40","9","2026-02-23 16:21:09"
"غينيا","MALE","Registration","40-60","1","2026-02-23 16:21:09"
"فنزويلا","MALE","Registration","40-60","4","2026-02-23 16:21:09"
"الفلبين","FEMALE","Registration","20-30","13","2026-02-23 16:21:09"
"السودان","FEMALE","Registration","30-40","20","2026-02-23 16:21:09"
"البانيا","MALE","Registration","40-60","2","2026-02-23 16:21:09"
"الولايات المتحدة","FEMALE","Registration","40-60","17","2026-02-23 16:21:09"
"هولندا","MALE","Update Info","30-40","1","2026-02-23 16:21:09"
"الصين","MALE","Update Info","40-60","1","2026-02-23 16:21:09"
"العراق","MALE","Registration","19-20","1","2026-02-23 16:21:09"
"مملكة البحرين","MALE","Change Plate Number","40-60","1","2026-02-23 16:21:09"
"مملكة البحرين","MALE","Registration","20-30","4","2026-02-23 16:21:09"
"ايران","MALE","Transfer of Ownership","30-40","2","2026-02-23 16:21:09"
"صربيا","MALE","Registration","60+","1","2026-02-23 16:21:09"
"مصر","MALE","Transfer of Ownership","20-30","3","2026-02-23 16:21:09"
"تنزانيا","FEMALE","Registration","40-60","2","2026-02-23 16:21:09"
"غانا","MALE","Registration","20-30","5","2026-02-23 16:21:09"
"سيريلانكا","MALE","Registration","20-30","21","2026-02-23 16:21:09"
"جنوب افريقيا","MALE","Registration","20-30","11","2026-02-23 16:21:09"
"فيتنام","MALE","Registration","20-30","1","2026-02-23 16:21:09"
"استراليا","FEMALE","Registration","30-40","10","2026-02-23 16:21:09"
"كرواتيا","MALE","Registration","40-60","1","2026-02-23 16:21:09"
"فلسطين","MALE","Registration","30-40","27","2026-02-23 16:21:09"
"مصر","FEMALE","Registration","30-40","69","2026-02-23 16:21:09"
"النمسا","MALE","Transfer of Ownership","30-40","1","2026-02-23 16:21:09"
"صربيا","MALE","Registration","40-60","8","2026-02-23 16:21:09"
"زيمبابوي","MALE","Registration","20-30","1","2026-02-23 16:21:09"
"ايطاليا","MALE","Registration","40-60","48","2026-02-23 16:21:09"
"بنما","MALE","Registration","20-30","1","2026-02-23 16:21:09"
"لبنان","FEMALE","Registration","30-40","44","2026-02-23 16:21:09"
"فرنسا","MALE","Update Info","30-40","1","2026-02-23 16:21:09"
"الولايات المتحدة","MALE","Registration","60+","12","2026-02-23 16:21:09"
"لبنان","FEMALE","Registration","60+","2","2026-02-23 16:21:09"
"فرنسا","MALE","Registration","40-60","117","2026-02-23 16:21:09"
"موريشيوس","MALE","Registration","30-40","1","2026-02-23 16:21:09"
"هولندا","MALE","Change Plate Number","30-40","1","2026-02-23 16:21:09"
"جنوب افريقيا","FEMALE","Change Plate Number","40-60","1","2026-02-23 16:21:09"
"عمان","FEMALE","Registration","40-60","3","2026-02-23 16:21:09"
"الصين","FEMALE","Transfer of Ownership","30-40","2","2026-02-23 16:21:09"
"بلجيكا","FEMALE","Registration","60+","1","2026-02-23 16:21:09"
"المانيا","MALE","Registration","40-60","66","2026-02-23 16:21:09"
"كولومبيا","FEMALE","Registration","30-40","1","2026-02-23 16:21:09"
"النمسا","MALE","Registration","20-30","1","2026-02-23 16:21:09"
"سلوفينيا","MALE","Registration","20-30","2","2026-02-23 16:21:09"
"فلسطين","MALE","Change Plate Number","30-40","1","2026-02-23 16:21:09"
"الكاميرون","FEMALE","Registration","30-40","2","2026-02-23 16:21:09"
"تشيلي","MALE","Registration","30-40","1","2026-02-23 16:21:09"
"سنغافوره","MALE","Registration","30-40","2","2026-02-23 16:21:09"
"اثيوبيا","MALE","Registration","30-40","15","2026-02-23 16:21:09"
"ايطاليا","FEMALE","Registration","40-60","6","2026-02-23 16:21:09"
"دومينيكا","MALE","Registration","30-40","22","2026-02-23 16:21:09"
"نيبال","FEMALE","Registration","40-60","1","2026-02-23 16:21:09"
"ايران","MALE","Change Plate Number","60+","1","2026-02-23 16:21:09"
"صربيا","MALE","Transfer of Ownership","40-60","1","2026-02-23 16:21:09"
"قيرغيزستان","FEMALE","Registration","20-30","7","2026-02-23 16:21:09"
"افغانستان","MALE","Registration","60+","4","2026-02-23 16:21:09"
"تركيا","FEMALE","Registration","40-60","24","2026-02-23 16:21:09"
"دومينيكا","FEMALE","Change Plate Number","20-30","1","2026-02-23 16:21:09"
"اليمن","MALE","Registration","30-40","35","2026-02-23 16:21:09"
"فرنسا","MALE","Registration","20-30","18","2026-02-23 16:21:09"
"الاردن","MALE","Registration","30-40","94","2026-02-23 16:21:09"
"الهند","MALE","Transfer of Ownership","20-30","10","2026-02-23 16:21:09"
"الهند","MALE","Registration","30-40","1535","2026-02-23 16:21:09"
"كوبا","FEMALE","Registration","30-40","1","2026-02-23 16:21:09"
"افغانستان","MALE","Change Plate Number","20-30","1","2026-02-23 16:21:09"
"اذربيجان","FEMALE","Registration","30-40","3","2026-02-23 16:21:09"
"الارجنتين","FEMALE","Registration","40-60","1","2026-02-23 16:21:09"
"عمان","FEMALE","Registration","60+","1","2026-02-23 16:21:09"
"المكسيك","FEMALE","Registration","40-60","3","2026-02-23 16:21:09"
"دومينيكا","MALE","Change Plate Number","30-40","1","2026-02-23 16:21:09"
"مصر","MALE","Registration","30-40","457","2026-02-23 16:21:09"
"المغرب","MALE","Change Plate Number","40-60","1","2026-02-23 16:21:09"
"طاجكستان","MALE","Registration","20-30","8","2026-02-23 16:21:09"
"المالديف","MALE","Update Info","30-40","1","2026-02-23 16:21:09"
"الصين","MALE","Change Plate Number","20-30","1","2026-02-23 16:21:09"
"تونس","MALE","Registration","30-40","17","2026-02-23 16:21:09"
"السويد","MALE","Registration","30-40","8","2026-02-23 16:21:09"
"سانت كيتس ونيفيس","MALE","Registration","60+","2","2026-02-23 16:21:09"
"لوكسمبورغ","FEMALE","Registration","60+","1","2026-02-23 16:21:09"
"الكونغو","FEMALE","Registration","20-30","1","2026-02-23 16:21:09"
"ماليزيا","MALE","Registration","20-30","2","2026-02-23 16:21:09"
"فرنسا","MALE","Transfer of Ownership","40-60","3","2026-02-23 16:21:09"
"دومينيكا","FEMALE","Registration","20-30","2","2026-02-23 16:21:09"
"الاردن","MALE","Transfer of Ownership","30-40","3","2026-02-23 16:21:09"
"ايران","MALE","Registration","60+","17","2026-02-23 16:21:09"
"رواندا","MALE","Registration","30-40","1","2026-02-23 16:21:09"
"لبنان","MALE","Registration","60+","8","2026-02-23 16:21:09"
"تركيا","FEMALE","Change Plate Number","30-40","1","2026-02-23 16:21:09"
"تونس","MALE","Registration","40-60","18","2026-02-23 16:21:09"
"اوغنده","FEMALE","Registration","30-40","4","2026-02-23 16:21:09"
"العراق","FEMALE","Registration","20-30","3","2026-02-23 16:21:09"
"سيريلانكا","FEMALE","Transfer of Ownership","40-60","1","2026-02-23 16:21:09"
"انتيجوا و باربودا","FEMALE","Registration","40-60","2","2026-02-23 16:21:09"
"مصر","FEMALE","Registration","40-60","73","2026-02-23 16:21:09"
"ايران","MALE","Registration","30-40","106","2026-02-23 16:21:09"
"دومينيكا","FEMALE","Transfer of Ownership","40-60","1","2026-02-23 16:21:09"
"الصومال","MALE","Registration","40-60","2","2026-02-23 16:21:09"
"فنزويلا","FEMALE","Registration","20-30","1","2026-02-23 16:21:09"
"مالي","MALE","Registration","40-60","1","2026-02-23 16:21:09"
"دومينيكا","MALE","Update Info","40-60","1","2026-02-23 16:21:09"
"سوريا","MALE","Change Plate Number","30-40","2","2026-02-23 16:21:09"
"الفلبين","MALE","Update Info","30-40","1","2026-02-23 16:21:09"
"نيجيريا","MALE","Registration","20-30","2","2026-02-23 16:21:09"
"لبنان","MALE","Transfer of Ownership","30-40","2","2026-02-23 16:21:09"
"تايون","FEMALE","Registration","40-60","1","2026-02-23 16:21:09"
"بنغلاديش","FEMALE","Registration","40-60","6","2026-02-23 16:21:09"
"كينيا","FEMALE","Registration","30-40","10","2026-02-23 16:21:09"
"اثيوبيا","FEMALE","Registration","20-30","1","2026-02-23 16:21:09"
"طاجكستان","MALE","Registration","19-20","1","2026-02-23 16:21:09"
"مقدونيا","MALE","Registration","40-60","3","2026-02-23 16:21:09"
"تشيلي","MALE","Registration","40-60","2","2026-02-23 16:21:09"
"جيبوتي","MALE","Registration","60+","1","2026-02-23 16:21:09"
"البرازيل","FEMALE","Change Plate Number","40-60","1","2026-02-23 16:21:09"
"التشيك","MALE","Registration","40-60","2","2026-02-23 16:21:09"
"البرتغال","FEMALE","Registration","30-40","6","2026-02-23 16:21:09"
"ايران","FEMALE","Transfer of Ownership","30-40","2","2026-02-23 16:21:09"
"كرواتيا","MALE","Registration","30-40","1","2026-02-23 16:21:09"
"الجزائر","MALE","Registration","20-30","10","2026-02-23 16:21:09"
"تونس","MALE","Registration","60+","1","2026-02-23 16:21:09"
"لبنان","MALE","Update Info","30-40","1","2026-02-23 16:21:09"
"الاردن","FEMALE","Change Plate Number","20-30","1","2026-02-23 16:21:09"
"روسيا","FEMALE","Registration","30-40","69","2026-02-23 16:21:09"
"النمسا","MALE","Registration","40-60","8","2026-02-23 16:21:09"
"هولندا","FEMALE","Registration","19-20","1","2026-02-23 16:21:09"
"منغوليا","MALE","Registration","30-40","1","2026-02-23 16:21:09"
"سوريا","FEMALE","Registration","40-60","31","2026-02-23 16:21:09"
"السويد","MALE","Registration","40-60","15","2026-02-23 16:21:09"
"ايرلندا","MALE","Registration","20-30","9","2026-02-23 16:21:09"
"فنلندا","FEMALE","Registration","40-60","3","2026-02-23 16:21:09"
"السعوديه","FEMALE","Registration","20-30","3","2026-02-23 16:21:09"
"الدانمارك","FEMALE","Registration","40-60","1","2026-02-23 16:21:09"
"باكستان","FEMALE","Update Info","20-30","1","2026-02-23 16:21:09"
"الامارات","FEMALE","Update Info","30-40","2","2026-02-23 16:21:09"
"ايران","FEMALE","Update Info","30-40","1","2026-02-23 16:21:09"
"هولندا","MALE","Registration","30-40","30","2026-02-23 16:21:09"
"سوريا","FEMALE","Registration","60+","3","2026-02-23 16:21:09"
"الهند","MALE","Registration","60+","105","2026-02-23 16:21:09"
"المغرب","FEMALE","Registration","40-60","17","2026-02-23 16:21:09"
"ايران","MALE","Registration","19-20","3","2026-02-23 16:21:09"
"المملكه المتحدة","MALE","Registration","20-30","87","2026-02-23 16:21:09"
"مصر","MALE","Transfer of Ownership","30-40","3","2026-02-23 16:21:09"
"مملكة البحرين","FEMALE","Registration","20-30","1","2026-02-23 16:21:09"
"موزمبيق","MALE","Registration","20-30","1","2026-02-23 16:21:09"
"المملكه المتحدة","MALE","Change Plate Number","30-40","1","2026-02-23 16:21:09"
"السودان","MALE","Registration","40-60","61","2026-02-23 16:21:09"
"الهند","MALE","Update Info","20-30","1","2026-02-23 16:21:09"
"اذربيجان","MALE","Registration","20-30","6","2026-02-23 16:21:09"
"الولايات المتحدة","MALE","Registration","40-60","73","2026-02-23 16:21:09"
"دومينيكا","FEMALE","Registration","60+","1","2026-02-23 16:21:09"
"العراق","MALE","Change Plate Number","40-60","3","2026-02-23 16:21:09"
"مصر","MALE","Update Info","20-30","1","2026-02-23 16:21:09"
"قبرص","MALE","Change Plate Number","60+","1","2026-02-23 16:21:09"
"قبرص","MALE","Registration","40-60","9","2026-02-23 16:21:09"
"اوروغواي","FEMALE","Registration","40-60","1","2026-02-23 16:21:09"
"سانت لوسيا","MALE","Registration","30-40","1","2026-02-23 16:21:09"
"كازاخستان","FEMALE","Transfer of Ownership","40-60","1","2026-02-23 16:21:09"
"كينيا","MALE","Registration","30-40","5","2026-02-23 16:21:09"
"المملكه المتحدة","MALE","Registration","60+","35","2026-02-23 16:21:09"
"البرازيل","FEMALE","Registration","30-40","12","2026-02-23 16:21:09"
"دومينيكا","MALE","Registration","40-60","34","2026-02-23 16:21:09"
"موريشيوس","FEMALE","Registration","30-40","1","2026-02-23 16:21:09"
"ايرلندا","FEMALE","Registration","60+","1","2026-02-23 16:21:09"
"الارجنتين","MALE","Registration","30-40","1","2026-02-23 16:21:09"
"عمان","FEMALE","Registration","30-40","4","2026-02-23 16:21:09"
"اليمن","FEMALE","Registration","60+","1","2026-02-23 16:21:09"
"ايطاليا","FEMALE","Registration","20-30","6","2026-02-23 16:21:09"
"المانيا","MALE","Transfer of Ownership","30-40","2","2026-02-23 16:21:09"
"هولندا","FEMALE","Transfer of Ownership","30-40","1","2026-02-23 16:21:09"
"ليبيا","FEMALE","Registration","20-30","1","2026-02-23 16:21:09"
"باكستان","FEMALE","Change Plate Number","40-60","1","2026-02-23 16:21:09"
"ايران","MALE","Registration","20-30","35","2026-02-23 16:21:09"
"فلسطين","FEMALE","Registration","60+","1","2026-02-23 16:21:09"
"مصر","FEMALE","Registration","20-30","27","2026-02-23 16:21:09"
"ارتيريا","MALE","Registration","30-40","1","2026-02-23 16:21:09"
"كندا","MALE","Update Info","30-40","1","2026-02-23 16:21:09"
"سوريا","MALE","Update Info","30-40","3","2026-02-23 16:21:09"
"كندا","MALE","Change Plate Number","40-60","1","2026-02-23 16:21:09"
"فرنسا","FEMALE","Transfer of Ownership","40-60","2","2026-02-23 16:21:09"
"افغانستان","FEMALE","Registration","30-40","4","2026-02-23 16:21:09"
"روسيا","FEMALE","Registration","60+","1","2026-02-23 16:21:09"
"باكستان","FEMALE","Registration","40-60","60","2026-02-23 16:21:09"
"ايطاليا","FEMALE","Registration","30-40","8","2026-02-23 16:21:09"
"تركمانستان","FEMALE","Registration","30-40","2","2026-02-23 16:21:09"
"عمان","MALE","Registration","30-40","8","2026-02-23 16:21:09"
"المجر","MALE","Registration","30-40","2","2026-02-23 16:21:09"
"فنزويلا","FEMALE","Change Plate Number","30-40","1","2026-02-23 16:21:09"
"البوسنه والهرسك","FEMALE","Registration","60+","1","2026-02-23 16:21:09"
"النرويج","MALE","Registration","20-30","1","2026-02-23 16:21:09"
"العراق","FEMALE","Registration","30-40","6","2026-02-23 16:21:09"
"لبنان","MALE","Registration","20-30","22","2026-02-23 16:21:09"
"الكاميرون","MALE","Registration","40-60","5","2026-02-23 16:21:09"
"بوركينا فاسو","MALE","Registration","30-40","2","2026-02-23 16:21:09"
"موريشيوس","MALE","Registration","40-60","2","2026-02-23 16:21:09"
"كندا","FEMALE","Update Info","40-60","1","2026-02-23 16:21:09"
"الهند","MALE","Update Info","30-40","4","2026-02-23 16:21:09"
"روسيا","FEMALE","Change Plate Number","40-60","1","2026-02-23 16:21:09"
"اوزباكستان","MALE","Change Plate Number","40-60","3","2026-02-23 16:21:09"
"اوزباكستان","FEMALE","Transfer of Ownership","40-60","1","2026-02-23 16:21:09"
"فرنسا","FEMALE","Update Info","30-40","1","2026-02-23 16:21:09"
"كندا","FEMALE","Transfer of Ownership","30-40","1","2026-02-23 16:21:09"
"فلسطين","MALE","Registration","60+","4","2026-02-23 16:21:09"
"الصومال","FEMALE","Registration","20-30","1","2026-02-23 16:21:09"
"كازاخستان","MALE","Registration","20-30","4","2026-02-23 16:21:09"
"ترينيداد و توباجو","FEMALE","Registration","40-60","1","2026-02-23 16:21:09"
"نيجيريا","FEMALE","Registration","20-30","1","2026-02-23 16:21:09"
"الامارات","MALE","Transfer of Ownership","40-60","6","2026-02-23 16:21:09"
"مملكة البحرين","MALE","Registration","30-40","4","2026-02-23 16:21:09"
"اوغنده","FEMALE","Registration","20-30","1","2026-02-23 16:21:09"
"ايطاليا","FEMALE","Transfer of Ownership","30-40","1","2026-02-23 16:21:09"
"قيرغيزستان","MALE","Registration","30-40","12","2026-02-23 16:21:09"
"ليتوانيا","FEMALE","Registration","30-40","4","2026-02-23 16:21:09"
"الصين","FEMALE","Transfer of Ownership","40-60","1","2026-02-23 16:21:09"
"ايرلندا","MALE","Registration","60+","3","2026-02-23 16:21:09"
"الارجنتين","MALE","Registration","60+","1","2026-02-23 16:21:09"
"هولندا","MALE","Transfer of Ownership","60+","1","2026-02-23 16:21:09"
"الاردن","FEMALE","Registration","60+","1","2026-02-23 16:21:09"
"الامارات","FEMALE","Transfer of Ownership","30-40","1","2026-02-23 16:21:09"
"فنزويلا","FEMALE","Registration","30-40","1","2026-02-23 16:21:09"
"المغرب","MALE","Update Info","30-40","1","2026-02-23 16:21:09"
"مصر","MALE","Registration","60+","14","2026-02-23 16:21:09"
"اليونان","FEMALE","Registration","20-30","1","2026-02-23 16:21:09"
"ايطاليا","MALE","Transfer of Ownership","30-40","2","2026-02-23 16:21:09"
"ايران","MALE","Transfer of Ownership","40-60","2","2026-02-23 16:21:09"
"سويسرا","FEMALE","Registration","40-60","6","2026-02-23 16:21:09"
"سيريلانكا","MALE","Transfer of Ownership","40-60","1","2026-02-23 16:21:09"
"الهند","MALE","Registration","20-30","321","2026-02-23 16:21:09"
"اذربيجان","FEMALE","Registration","40-60","3","2026-02-23 16:21:09"
"الولايات المتحدة","FEMALE","Registration","30-40","11","2026-02-23 16:21:09"
"رومانيا","MALE","Registration","20-30","4","2026-02-23 16:21:09"
"جزر القمر","FEMALE","Registration","30-40","3","2026-02-23 16:21:09"
"طاجكستان","FEMALE","Registration","20-30","1","2026-02-23 16:21:09"
"باكستان","MALE","Transfer of Ownership","60+","1","2026-02-23 16:21:09"
"البرتغال","FEMALE","Registration","40-60","5","2026-02-23 16:21:09"
"سانت لوسيا","MALE","Transfer of Ownership","40-60","1","2026-02-23 16:21:09"
"الولايات المتحدة","MALE","Registration","20-30","13","2026-02-23 16:21:09"
"السويد","FEMALE","Registration","40-60","3","2026-02-23 16:21:09"
"سلوفينيا","FEMALE","Registration","30-40","1","2026-02-23 16:21:09"
"مصر","MALE","Registration","20-30","119","2026-02-23 16:21:09"
"بنغلاديش","MALE","Registration","20-30","48","2026-02-23 16:21:09"
"كوريا الجنوبيه","MALE","Registration","20-30","1","2026-02-23 16:21:09"
"الصين","FEMALE","Update Info","30-40","1","2026-02-23 16:21:09"
"ارمينيا","MALE","Registration","60+","1","2026-02-23 16:21:09"
"الولايات المتحدة","FEMALE","Registration","20-30","4","2026-02-23 16:21:09"
"تركيا","MALE","Change Plate Number","30-40","1","2026-02-23 16:21:09"
"سانت كيتس ونيفيس","MALE","Registration","20-30","3","2026-02-23 16:21:09"
"الاردن","FEMALE","Registration","40-60","33","2026-02-23 16:21:09"
"كندا","MALE","Transfer of Ownership","30-40","1","2026-02-23 16:21:09"
"اليونان","FEMALE","Registration","40-60","4","2026-02-23 16:21:09"
"الهند","MALE","Update Info","40-60","17","2026-02-23 16:21:09"
"موريتانيا","MALE","Registration","30-40","1","2026-02-23 16:21:09"
"النمسا","FEMALE","Registration","30-40","5","2026-02-23 16:21:09"
"تركيا","MALE","Change Plate Number","40-60","2","2026-02-23 16:21:09"
"روسيا","MALE","Registration","30-40","77","2026-02-23 16:21:09"
"باكستان","MALE","Transfer of Ownership","40-60","11","2026-02-23 16:21:09"
"كوريا الجنوبيه","MALE","Registration","30-40","7","2026-02-23 16:21:09"
"اسبانيا","FEMALE","Registration","60+","1","2026-02-23 16:21:09"
"الهند","MALE","Registration","19-20","3","2026-02-23 16:21:09"
"جرينادا","MALE","Registration","30-40","2","2026-02-23 16:21:09"
"تنزانيا","MALE","Registration","30-40","4","2026-02-23 16:21:09"
"مصر","MALE","Update Info","40-60","1","2026-02-23 16:21:09"
"المانيا","FEMALE","Registration","20-30","3","2026-02-23 16:21:09"
"الفلبين","FEMALE","Registration","30-40","67","2026-02-23 16:21:09"
"النرويج","MALE","Registration","30-40","3","2026-02-23 16:21:09"
"السويد","FEMALE","Change Plate Number","60+","1","2026-02-23 16:21:09"
"سيريلانكا","MALE","Transfer of Ownership","20-30","1","2026-02-23 16:21:09"
"كولومبيا","FEMALE","Registration","20-30","2","2026-02-23 16:21:09"
"بلجيكا","MALE","Transfer of Ownership","40-60","1","2026-02-23 16:21:09"
"الهند","FEMALE","Registration","60+","11","2026-02-23 16:21:09"
"الامارات","FEMALE","Registration","60+","35","2026-02-23 16:21:09"
"جنوب افريقيا","MALE","Registration","30-40","22","2026-02-23 16:21:09"
"الولايات المتحدة","MALE","Transfer of Ownership","40-60","2","2026-02-23 16:21:09"
"عمان","MALE","Registration","40-60","17","2026-02-23 16:21:09"
"سانت كيتس ونيفيس","MALE","Update Info","40-60","2","2026-02-23 16:21:09"
"كينيا","MALE","Registration","40-60","8","2026-02-23 16:21:09"
"بلجيكا","MALE","Update Info","40-60","1","2026-02-23 16:21:09"
"تركيا","MALE","Registration","20-30","41","2026-02-23 16:21:09"
"سوريا","FEMALE","Registration","20-30","32","2026-02-23 16:21:09"
"اندونيسيا","MALE","Registration","30-40","2","2026-02-23 16:21:09"
"المغرب","FEMALE","Registration","60+","1","2026-02-23 16:21:09"
"ليبيا","FEMALE","Registration","40-60","2","2026-02-23 16:21:09"
"جمهورية الكونغو الديمقراطية","FEMALE","Registration","40-60","1","2026-02-23 16:21:09"
"الكونغو","FEMALE","Registration","30-40","1","2026-02-23 16:21:09"
"المملكه المتحدة","MALE","Update Info","20-30","1","2026-02-23 16:21:09"
"اوكرانيا","FEMALE","Transfer of Ownership","20-30","1","2026-02-23 16:21:09"
"باكستان","FEMALE","Registration","60+","2","2026-02-23 16:21:09"
"سلوفاكيا","MALE","Registration","40-60","6","2026-02-23 16:21:09"
"الولايات المتحدة","FEMALE","Registration","19-20","1","2026-02-23 16:21:09"
"الهند","FEMALE","Transfer of Ownership","20-30","2","2026-02-23 16:21:09"
"السعوديه","FEMALE","Registration","30-40","2","2026-02-23 16:21:09"
"اسرائيل","MALE","Update Info","30-40","1","2026-02-23 16:21:09"
"بولندا","MALE","Registration","30-40","13","2026-02-23 16:21:09"
"فرنسا","FEMALE","Registration","60+","3","2026-02-23 16:21:09"
"اليمن","MALE","Registration","60+","13","2026-02-23 16:21:09"
"الامارات","MALE","Update Info","60+","3","2026-02-23 16:21:09"
"العراق","MALE","Registration","60+","8","2026-02-23 16:21:09"
"مالي","MALE","Registration","30-40","1","2026-02-23 16:21:09"
"دومينيكا","MALE","Registration","20-30","8","2026-02-23 16:21:09"
"المغرب","MALE","Transfer of Ownership","30-40","1","2026-02-23 16:21:09"
"فرنسا","MALE","Update Info","20-30","1","2026-02-23 16:21:09"
"بلجيكا","MALE","Registration","60+","2","2026-02-23 16:21:09"
"السويد","FEMALE","Registration","30-40","4","2026-02-23 16:21:09"
"كولومبيا","FEMALE","Transfer of Ownership","30-40","1","2026-02-23 16:21:09"
"رومانيا","FEMALE","Update Info","40-60","1","2026-02-23 16:21:09"
"اذربيجان","MALE","Registration","40-60","10","2026-02-23 16:21:09"
"الامارات","MALE","Transfer of Ownership","20-30","1","2026-02-23 16:21:09"
"رومانيا","MALE","Registration","60+","1","2026-02-23 16:21:09"
"البرتغال","FEMALE","Registration","20-30","3","2026-02-23 16:21:09"
"بنغلاديش","MALE","Registration","60+","4","2026-02-23 16:21:09"
"سيريلانكا","FEMALE","Registration","40-60","12","2026-02-23 16:21:09"
"سيريلانكا","FEMALE","Registration","20-30","2","2026-02-23 16:21:09"
"الولايات المتحدة","MALE","Change Plate Number","30-40","1","2026-02-23 16:21:09"
"ماليزيا","MALE","Registration","60+","2","2026-02-23 16:21:09"
"الكاميرون","MALE","Registration","20-30","6","2026-02-23 16:21:09"
"نيوزيلندا","MALE","Registration","30-40","4","2026-02-23 16:21:09"
"قيرغيزستان","MALE","Transfer of Ownership","30-40","1","2026-02-23 16:21:09"
"الهند","MALE","Change Plate Number","20-30","5","2026-02-23 16:21:09"
"الهند","FEMALE","Update Info","40-60","1","2026-02-23 16:21:09"
"المانيا","MALE","Update Info","30-40","1","2026-02-23 16:21:09"
"الاردن","MALE","Transfer of Ownership","40-60","4","2026-02-23 16:21:09"
"اسرائيل","MALE","Registration","40-60","8","2026-02-23 16:21:09"
"لبنان","FEMALE","Registration","16-18","1","2026-02-23 16:21:09"
"تونس","FEMALE","Registration","20-30","10","2026-02-23 16:21:09"
"اوزباكستان","MALE","Change Plate Number","20-30","1","2026-02-23 16:21:09"
"ماليزيا","MALE","Update Info","30-40","1","2026-02-23 16:21:09"
"الدانمارك","FEMALE","Registration","30-40","2","2026-02-23 16:21:09"
"ساحل العاج","FEMALE","Registration","40-60","1","2026-02-23 16:21:09"
"روسيا","MALE","Registration","40-60","68","2026-02-23 16:21:09"
"الامارات","FEMALE","Transfer of Ownership","40-60","2","2026-02-23 16:21:09"
"بلغاريا","MALE","Registration","30-40","1","2026-02-23 16:21:09"
"المانيا","MALE","Change Plate Number","20-30","1","2026-02-23 16:21:09"
"الاردن","MALE","Change Plate Number","40-60","4","2026-02-23 16:21:09"
"مصر","MALE","Change Plate Number","40-60","5","2026-02-23 16:21:09"
"لبنان","MALE","Update Info","40-60","1","2026-02-23 16:21:09"
"المانيا","MALE","Registration","60+","9","2026-02-23 16:21:09"
"اليمن","MALE","Registration","40-60","54","2026-02-23 16:21:09"
"المغرب","MALE","Registration","20-30","6","2026-02-23 16:21:09"
"جورجيا","MALE","Registration","40-60","1","2026-02-23 16:21:09"
"سوريا","MALE","Registration","20-30","124","2026-02-23 16:21:09"
"اسبانيا","FEMALE","Registration","30-40","3","2026-02-23 16:21:09"
"بولندا","FEMALE","Registration","20-30","3","2026-02-23 16:21:09"
"لبنان","FEMALE","Transfer of Ownership","40-60","1","2026-02-23 16:21:09"
"موريتانيا","MALE","Registration","40-60","1","2026-02-23 16:21:09"
"سوريا","MALE","Registration","40-60","225","2026-02-23 16:21:09"
"نيجيريا","MALE","Registration","60+","1","2026-02-23 16:21:09"
"ليبيا","MALE","Registration","30-40","3","2026-02-23 16:21:09"
"جزر الباهاما","FEMALE","Registration","40-60","1","2026-02-23 16:21:09"
"الهند","FEMALE","Registration","40-60","236","2026-02-23 16:21:09"
"تركمانستان","FEMALE","Registration","40-60","1","2026-02-23 16:21:09"
"الارجنتين","FEMALE","Registration","30-40","2","2026-02-23 16:21:09"
"الاردن","MALE","Registration","19-20","1","2026-02-23 16:21:09"
"استراليا","FEMALE","Transfer of Ownership","60+","1","2026-02-23 16:21:09"
"فرنسا","MALE","Update Info","40-60","1","2026-02-23 16:21:09"
"البرازيل","MALE","Registration","40-60","19","2026-02-23 16:21:09"
"الامارات","MALE","Update Info","20-30","4","2026-02-23 16:21:09"
"تركيا","FEMALE","Registration","16-18","1","2026-02-23 16:21:09"
"سانت كيتس ونيفيس","FEMALE","Transfer of Ownership","40-60","1","2026-02-23 16:21:09"
"المملكه المتحدة","MALE","Registration","30-40","292","2026-02-23 16:21:09"
"الصين","FEMALE","Registration","40-60","29","2026-02-23 16:21:09"
"لاتيفيا","MALE","Registration","40-60","5","2026-02-23 16:21:09"
"ليتوانيا","MALE","Registration","30-40","4","2026-02-23 16:21:09"
"مالطا","MALE","Registration","40-60","4","2026-02-23 16:21:09"
"افغانستان","FEMALE","Registration","40-60","1","2026-02-23 16:21:09"
"بلغاريا","FEMALE","Registration","20-30","1","2026-02-23 16:21:09"
"الاردن","FEMALE","Registration","30-40","27","2026-02-23 16:21:09"
"لبنان","MALE","Update Info","20-30","1","2026-02-23 16:21:09"
"الفلبين","MALE","Transfer of Ownership","40-60","3","2026-02-23 16:21:09"
"رومانيا","FEMALE","Registration","20-30","2","2026-02-23 16:21:09"
"اسرائيل","MALE","Registration","30-40","14","2026-02-23 16:21:09"
"سيريلانكا","FEMALE","Registration","30-40","12","2026-02-23 16:21:09"
"جمهورية ماينمار","FEMALE","Registration","20-30","1","2026-02-23 16:21:09"
"فيتنام","MALE","Registration","30-40","1","2026-02-23 16:21:09"
"تركيا","MALE","Transfer of Ownership","40-60","3","2026-02-23 16:21:09"
"جورجيا","MALE","Registration","20-30","1","2026-02-23 16:21:09"
"بيرو","FEMALE","Registration","40-60","1","2026-02-23 16:21:09"
"باكستان","FEMALE","Change Plate Number","30-40","2","2026-02-23 16:21:09"
"كوبا","MALE","Registration","30-40","1","2026-02-23 16:21:09"
"اثيوبيا","MALE","Registration","20-30","7","2026-02-23 16:21:09"
"مولدوفا","FEMALE","Registration","40-60","1","2026-02-23 16:21:09"
"كندا","MALE","Registration","20-30","14","2026-02-23 16:21:09"
"انتيجوا و باربودا","MALE","Change Plate Number","40-60","1","2026-02-23 16:21:09"
"لبنان","MALE","Transfer of Ownership","20-30","1","2026-02-23 16:21:09"
"السعوديه","MALE","Update Info","40-60","1","2026-02-23 16:21:09"
"نيجيريا","FEMALE","Registration","40-60","3","2026-02-23 16:21:09"
"بليز","MALE","Change Plate Number","40-60","1","2026-02-23 16:21:09"
"كوريا الجنوبيه","MALE","Registration","60+","1","2026-02-23 16:21:09"
"تايلند","FEMALE","Change Plate Number","30-40","1","2026-02-23 16:21:09"
"نيوزيلندا","FEMALE","Registration","40-60","3","2026-02-23 16:21:09"
"ايران","MALE","Update Info","40-60","1","2026-02-23 16:21:09"
"نيجيريا","MALE","Registration","40-60","10","2026-02-23 16:21:09"
"دومينيكا","MALE","Transfer of Ownership","30-40","1","2026-02-23 16:21:09"
"ليبيا","MALE","Registration","60+","1","2026-02-23 16:21:09"
"كازاخستان","MALE","Registration","30-40","19","2026-02-23 16:21:09"
"رومانيا","FEMALE","Registration","30-40","6","2026-02-23 16:21:09"
"جورجيا","MALE","Registration","30-40","2","2026-02-23 16:21:09"
"ماليزيا","MALE","Registration","30-40","4","2026-02-23 16:21:09"
"الهند","MALE","Transfer of Ownership","30-40","33","2026-02-23 16:21:09"
"كازاخستان","FEMALE","Registration","30-40","8","2026-02-23 16:21:09"
"الامارات","FEMALE","Registration","30-40","124","2026-02-23 16:21:09"
"الامارات","MALE","Transfer of Ownership","60+","1","2026-02-23 16:21:09"
"استونيا","MALE","Registration","60+","1","2026-02-23 16:21:09"
"مصر","FEMALE","Transfer of Ownership","20-30","1","2026-02-23 16:21:09"
"فرنسا","FEMALE","Registration","30-40","35","2026-02-23 16:21:09"
"فيتنام","FEMALE","Registration","20-30","1","2026-02-23 16:21:09"
"اوكرانيا","MALE","Registration","30-40","30","2026-02-23 16:21:09"
"باكستان","MALE","Registration","20-30","371","2026-02-23 16:21:09"
"مصر","MALE","Update Info","30-40","1","2026-02-23 16:21:09"
"روسيا","FEMALE","Registration","20-30","16","2026-02-23 16:21:09"
"سوريا","MALE","Change Plate Number","20-30","1","2026-02-23 16:21:09"
"كندا","FEMALE","Registration","30-40","27","2026-02-23 16:21:09"
"اذربيجان","MALE","Transfer of Ownership","30-40","1","2026-02-23 16:21:09"
"اسبانيا","MALE","Registration","60+","2","2026-02-23 16:21:09"
"قبرص","MALE","Registration","30-40","2","2026-02-23 16:21:09"
"بلغاريا","FEMALE","Registration","40-60","2","2026-02-23 16:21:09"
"ارمينيا","FEMALE","Registration","30-40","1","2026-02-23 16:21:09"
"مملكة البحرين","FEMALE","Registration","30-40","2","2026-02-23 16:21:09"
"لبنان","FEMALE","Change Plate Number","40-60","2","2026-02-23 16:21:09"
"لبنان","MALE","Change Plate Number","30-40","1","2026-02-23 16:21:09"
"بنغلاديش","FEMALE","Registration","30-40","1","2026-02-23 16:21:09"
"الامارات","MALE","Change Plate Number","40-60","31","2026-02-23 16:21:09"
"الامارات","FEMALE","Registration","40-60","263","2026-02-23 16:21:09"
"مصر","MALE","Registration","40-60","365","2026-02-23 16:21:09"
"جزر القمر","FEMALE","Registration","20-30","2","2026-02-23 16:21:09"
"فرنسا","MALE","Registration","60+","6","2026-02-23 16:21:09"
"اوغنده","MALE","Registration","30-40","13","2026-02-23 16:21:09"
"التشيك","FEMALE","Registration","40-60","1","2026-02-23 16:21:09"
"تركيا","MALE","Update Info","40-60","2","2026-02-23 16:21:09"
"فرنسا","FEMALE","Change Plate Number","40-60","1","2026-02-23 16:21:09"
"زيمبابوي","FEMALE","Registration","30-40","3","2026-02-23 16:21:09"
"الصومال","MALE","Registration","60+","1","2026-02-23 16:21:09"
"الصين","FEMALE","Registration","30-40","42","2026-02-23 16:21:09"
"المانيا","MALE","Registration","30-40","49","2026-02-23 16:21:09"
"اسرائيل","MALE","Registration","20-30","3","2026-02-23 16:21:09"
"تركيا","MALE","Transfer of Ownership","20-30","1","2026-02-23 16:21:09"
"المملكه المتحدة","FEMALE","Transfer of Ownership","19-20","1","2026-02-23 16:21:09"
"اليمن","FEMALE","Update Info","30-40","1","2026-02-23 16:21:09"
"ايرلندا","MALE","Registration","30-40","23","2026-02-23 16:21:09"
"النرويج","FEMALE","Registration","30-40","3","2026-02-23 16:21:09"
"جزر القمر","MALE","Registration","30-40","11","2026-02-23 16:21:09"
"الاكوادور","MALE","Registration","20-30","2","2026-02-23 16:21:09"
"جمهورية الكونغو الديمقراطية","MALE","Registration","60+","1","2026-02-23 16:21:09"
"قبرص","MALE","Registration","20-30","2","2026-02-23 16:21:09"
"اوكرانيا","FEMALE","Registration","40-60","17","2026-02-23 16:21:09"
"كازاخستان","FEMALE","Registration","40-60","7","2026-02-23 16:21:09"
"سوريا","MALE","Transfer of Ownership","60+","1","2026-02-23 16:21:09"
"الاردن","FEMALE","Registration","20-30","6","2026-02-23 16:21:09"
"نيبال","MALE","Registration","40-60","17","2026-02-23 16:21:09"
"دومينيكا","MALE","Registration","60+","8","2026-02-23 16:21:09"
"ايران","FEMALE","Registration","20-30","8","2026-02-23 16:21:09"
"سنغافوره","FEMALE","Registration","30-40","1","2026-02-23 16:21:09"
"الكويت","MALE","Update Info","20-30","1","2026-02-23 16:21:09"
"البوسنه والهرسك","FEMALE","Registration","30-40","1","2026-02-23 16:21:09"
"كينيا","FEMALE","Registration","40-60","9","2026-02-23 16:21:09"
"الصين","MALE","Registration","30-40","78","2026-02-23 16:21:09"
"جنوب افريقيا","FEMALE","Registration","20-30","9","2026-02-23 16:21:09"
"لاتيفيا","MALE","Registration","30-40","2","2026-02-23 16:21:09"
"الفلبين","MALE","Registration","20-30","23","2026-02-23 16:21:09"
"كرواتيا","FEMALE","Registration","40-60","2","2026-02-23 16:21:09"
"الفلبين","MALE","Registration","60+","2","2026-02-23 16:21:09"
"مصر","FEMALE","Update Info","20-30","1","2026-02-23 16:21:09"
"نيبال","MALE","Registration","30-40","28","2026-02-23 16:21:09"
"نيوزيلندا","MALE","Registration","60+","2","2026-02-23 16:21:09"
"بولندا","FEMALE","Registration","30-40","5","2026-02-23 16:21:09"
"جرينادا","MALE","Change Plate Number","30-40","1","2026-02-23 16:21:09"
"المملكه المتحدة","MALE","Transfer of Ownership","60+","1","2026-02-23 16:21:09"
"المغرب","MALE","Change Plate Number","30-40","2","2026-02-23 16:21:09"
"النرويج","FEMALE","Registration","40-60","2","2026-02-23 16:21:09"
"الارجنتين","MALE","Registration","40-60","3","2026-02-23 16:21:09"
"استراليا","MALE","Registration","20-30","7","2026-02-23 16:21:09"
"ليبيريا","MALE","Registration","40-60","1","2026-02-23 16:21:09"
"اليابان","FEMALE","Registration","40-60","3","2026-02-23 16:21:09"
"الامارات","MALE","Change Plate Number","30-40","19","2026-02-23 16:21:09"
"الصين","MALE","Registration","19-20","1","2026-02-23 16:21:09"
"النرويج","FEMALE","Registration","20-30","1","2026-02-23 16:21:09"
"سانت كيتس ونيفيس","MALE","Change Plate Number","40-60","1","2026-02-23 16:21:09"
"ايطاليا","MALE","Registration","60+","4","2026-02-23 16:21:09"
"مدغشقر","MALE","Registration","30-40","1","2026-02-23 16:21:09"
"سيريلانكا","MALE","Change Plate Number","40-60","1","2026-02-23 16:21:09"
"الامارات","MALE","Change Plate Number","60+","13","2026-02-23 16:21:09"
"اندونيسيا","FEMALE","Registration","30-40","1","2026-02-23 16:21:09"
"البرازيل","MALE","Registration","20-30","2","2026-02-23 16:21:09"
"اسبانيا","MALE","Registration","30-40","23","2026-02-23 16:21:09"
"المجر","FEMALE","Registration","20-30","2","2026-02-23 16:21:09"
"الصومال","FEMALE","Registration","40-60","1","2026-02-23 16:21:09"
"تنزانيا","FEMALE","Registration","20-30","1","2026-02-23 16:21:09"
"تايلند","FEMALE","Registration","40-60","2","2026-02-23 16:21:09"
"سانت كيتس ونيفيس","FEMALE","Change Plate Number","16-18","1","2026-02-23 16:21:09"
"الفلبين","FEMALE","Update Info","40-60","1","2026-02-23 16:21:09"
"صربيا","MALE","Registration","30-40","6","2026-02-23 16:21:09"
"كازاخستان","MALE","Registration","40-60","6","2026-02-23 16:21:09"
"الهند","FEMALE","Registration","20-30","73","2026-02-23 16:21:09"
"اوكرانيا","MALE","Registration","20-30","12","2026-02-23 16:21:09"
"افغانستان","FEMALE","Registration","19-20","1","2026-02-23 16:21:09"
"مملكة البحرين","MALE","Registration","60+","1","2026-02-23 16:21:09"
"غينيا","MALE","Registration","30-40","1","2026-02-23 16:21:09"
"اذربيجان","FEMALE","Transfer of Ownership","30-40","1","2026-02-23 16:21:09"
"البوسنه والهرسك","MALE","Registration","30-40","2","2026-02-23 16:21:09"
"جنوب افريقيا","FEMALE","Registration","40-60","15","2026-02-23 16:21:09"
"المملكه المتحدة","MALE","Registration","19-20","1","2026-02-23 16:21:09"
"سوريا","MALE","Registration","19-20","1","2026-02-23 16:21:09"
"المكسيك","MALE","Registration","40-60","1","2026-02-23 16:21:09"
"المجر","MALE","Registration","40-60","3","2026-02-23 16:21:09"
"كوريا الجنوبيه","FEMALE","Registration","40-60","1","2026-02-23 16:21:09"
"افغانستان","MALE","Registration","40-60","47","2026-02-23 16:21:09"
"اوزباكستان","FEMALE","Registration","40-60","8","2026-02-23 16:21:09"
"الاكوادور","MALE","Registration","30-40","1","2026-02-23 16:21:09"
"الفلبين","MALE","Registration","30-40","106","2026-02-23 16:21:09"
"السودان","MALE","Registration","20-30","14","2026-02-23 16:21:09"
"ترينيداد و توباجو","MALE","Registration","60+","1","2026-02-23 16:21:09"
"الصين","MALE","Change Plate Number","30-40","2","2026-02-23 16:21:09"
"سويسرا","MALE","Registration","30-40","8","2026-02-23 16:21:09"
"اليمن","MALE","Change Plate Number","30-40","1","2026-02-23 16:21:09"
"تركمانستان","MALE","Registration","20-30","5","2026-02-23 16:21:09"
"ارمينيا","MALE","Registration","30-40","5","2026-02-23 16:21:09"
"كازاخستان","MALE","Transfer of Ownership","20-30","1","2026-02-23 16:21:09"
"الامارات","MALE","Transfer of Ownership","30-40","4","2026-02-23 16:21:09"
"تركيا","MALE","Change Plate Number","20-30","1","2026-02-23 16:21:09"
"البرازيل","MALE","Registration","30-40","11","2026-02-23 16:21:09"
"بلجيكا","FEMALE","Registration","30-40","2","2026-02-23 16:21:09"
"مصر","MALE","Change Plate Number","30-40","4","2026-02-23 16:21:09"
"فيجي","MALE","Registration","20-30","1","2026-02-23 16:21:09"
"كندا","MALE","Registration","60+","24","2026-02-23 16:21:09"
"الجزائر","FEMALE","Registration","30-40","15","2026-02-23 16:21:09"
"روسيا","MALE","Transfer of Ownership","40-60","2","2026-02-23 16:21:09"
"البرتغال","MALE","Change Plate Number","40-60","1","2026-02-23 16:21:09"
"اليابان","MALE","Change Plate Number","40-60","1","2026-02-23 16:21:09"
"نيوزيلندا","MALE","Registration","20-30","2","2026-02-23 16:21:09"
"جنوب افريقيا","MALE","Update Info","40-60","2","2026-02-23 16:21:09"
"الصين","MALE","Change Plate Number","40-60","2","2026-02-23 16:21:09"
"هولندا","FEMALE","Registration","60+","1","2026-02-23 16:21:09"
"اليونان","MALE","Registration","40-60","11","2026-02-23 16:21:09"
"كوريا الجنوبيه","FEMALE","Registration","30-40","1","2026-02-23 16:21:09"
"سلوفاكيا","FEMALE","Update Info","40-60","1","2026-02-23 16:21:09"
"سويسرا","FEMALE","Registration","20-30","2","2026-02-23 16:21:09"
"سانت كيتس ونيفيس","MALE","Registration","40-60","26","2026-02-23 16:21:09"
"اليابان","FEMALE","Registration","30-40","1","2026-02-23 16:21:09"
"رومانيا","MALE","Registration","40-60","9","2026-02-23 16:21:09"
"المكسيك","MALE","Registration","30-40","3","2026-02-23 16:21:09"
"اليونان","FEMALE","Registration","30-40","3","2026-02-23 16:21:09"
"فلسطين","FEMALE","Registration","40-60","10","2026-02-23 16:21:09"
"جنوب افريقيا","MALE","Change Plate Number","40-60","2","2026-02-23 16:21:09"
"فلسطين","FEMALE","Registration","30-40","8","2026-02-23 16:21:09"
"الفلبين","FEMALE","Registration","40-60","66","2026-02-23 16:21:09"
"تايون","FEMALE","Registration","20-30","1","2026-02-23 16:21:09"
"سلوفاكيا","FEMALE","Registration","30-40","2","2026-02-23 16:21:09"
"فرنسا","MALE","Change Plate Number","30-40","1","2026-02-23 16:21:09"
"جزر القمر","FEMALE","Change Plate Number","40-60","1","2026-02-23 16:21:09"
"سنغافوره","FEMALE","Registration","40-60","4","2026-02-23 16:21:09"
"لبنان","FEMALE","Transfer of Ownership","30-40","1","2026-02-23 16:21:09"
"روسيا البيضاء","FEMALE","Registration","40-60","4","2026-02-23 16:21:09"
"الجزائر","MALE","Registration","40-60","9","2026-02-23 16:21:09"
"روسيا","MALE","Change Plate Number","40-60","2","2026-02-23 16:21:09"
"جمهورية الكونغو الديمقراطية","MALE","Registration","40-60","1","2026-02-23 16:21:09"
"النمسا","FEMALE","Registration","20-30","1","2026-02-23 16:21:09"
"تايون","MALE","Registration","40-60","1","2026-02-23 16:21:09"
"المملكه المتحدة","MALE","Registration","40-60","388","2026-02-23 16:21:09"
"المملكه المتحدة","MALE","Change Plate Number","20-30","2","2026-02-23 16:21:09"
"النرويج","MALE","Registration","40-60","6","2026-02-23 16:21:09"
"روسيا البيضاء","MALE","Registration","40-60","6","2026-02-23 16:21:09"
"البرتغال","MALE","Registration","20-30","3","2026-02-23 16:21:09"
"باكستان","MALE","Registration","30-40","951","2026-02-23 16:21:09"
"البرازيل","FEMALE","Registration","20-30","3","2026-02-23 16:21:09"
"زيمبابوي","FEMALE","Registration","20-30","2","2026-02-23 16:21:09"
"تركيا","MALE","Registration","40-60","116","2026-02-23 16:21:09"
"قبرص","FEMALE","Registration","30-40","1","2026-02-23 16:21:09"
"كولومبيا","FEMALE","Registration","40-60","3","2026-02-23 16:21:09"
"روسيا البيضاء","MALE","Registration","30-40","4","2026-02-23 16:21:09"
"الولايات المتحدة","FEMALE","Registration","60+","3","2026-02-23 16:21:09"
"المجر","FEMALE","Registration","30-40","1","2026-02-23 16:21:09"
"استراليا","MALE","Registration","40-60","69","2026-02-23 16:21:09"
"كوستاريكا","FEMALE","Registration","30-40","1","2026-02-23 16:21:09"
"الفلبين","MALE","Registration","40-60","140","2026-02-23 16:21:09"
"الامارات","MALE","Registration","20-30","170","2026-02-23 16:21:09"
"روسيا البيضاء","FEMALE","Transfer of Ownership","30-40","1","2026-02-23 16:21:09"
"السعوديه","FEMALE","Registration","40-60","3","2026-02-23 16:21:09"
"باكستان","MALE","Change Plate Number","20-30","1","2026-02-23 16:21:09"
"سيشيل","MALE","Registration","40-60","2","2026-02-23 16:21:09"
"ليتوانيا","FEMALE","Registration","40-60","5","2026-02-23 16:21:09"
"السودان","MALE","Registration","30-40","68","2026-02-23 16:21:09"
"الامارات","FEMALE","Change Plate Number","60+","2","2026-02-23 16:21:09"
"جزر القمر","FEMALE","Registration","60+","2","2026-02-23 16:21:09"
"كازاخستان","FEMALE","Registration","20-30","3","2026-02-23 16:21:09"
"الجزائر","FEMALE","Registration","20-30","11","2026-02-23 16:21:09"
"تركيا","MALE","Registration","60+","7","2026-02-23 16:21:09"
"افغانستان","MALE","Registration","20-30","46","2026-02-23 16:21:09"
"ايران","FEMALE","Change Plate Number","40-60","1","2026-02-23 16:21:09"
"فنزويلا","FEMALE","Registration","40-60","1","2026-02-23 16:21:09"
"نيوزيلندا","MALE","Registration","40-60","10","2026-02-23 16:21:09"
"البانيا","MALE","Registration","30-40","3","2026-02-23 16:21:09"
"باكستان","FEMALE","Transfer of Ownership","40-60","2","2026-02-23 16:21:09"
"السعوديه","MALE","Registration","60+","4","2026-02-23 16:21:09"
"الامارات","FEMALE","Update Info","40-60","4","2026-02-23 16:21:09"
"استراليا","FEMALE","Registration","20-30","4","2026-02-23 16:21:09"
"الكويت","MALE","Transfer of Ownership","40-60","1","2026-02-23 16:21:09"
"تركيا","FEMALE","Registration","30-40","21","2026-02-23 16:21:09"
"دومينيكا","MALE","Update Info","30-40","1","2026-02-23 16:21:09"
"تنزانيا","MALE","Registration","20-30","3","2026-02-23 16:21:09"
"المملكه المتحدة","FEMALE","Registration","20-30","46","2026-02-23 16:21:09"
"روسيا","FEMALE","Update Info","40-60","1","2026-02-23 16:21:09"
"كينيا","MALE","Transfer of Ownership","40-60","1","2026-02-23 16:21:09"
"فرنسا","MALE","Registration","30-40","75","2026-02-23 16:21:09"
"الاردن","MALE","Update Info","30-40","1","2026-02-23 16:21:09"
"الهند","FEMALE","Change Plate Number","30-40","3","2026-02-23 16:21:09"
"ايران","FEMALE","Registration","30-40","46","2026-02-23 16:21:09"
"هولندا","MALE","Registration","40-60","37","2026-02-23 16:21:09"
"اوكرانيا","MALE","Registration","60+","2","2026-02-23 16:21:09"
"دومينيكا","FEMALE","Change Plate Number","40-60","1","2026-02-23 16:21:09"
"السودان","MALE","Change Plate Number","30-40","1","2026-02-23 16:21:09"
"اثيوبيا","FEMALE","Registration","40-60","4","2026-02-23 16:21:09"
"الصومال","MALE","Registration","20-30","1","2026-02-23 16:21:09"
"ايطاليا","MALE","Transfer of Ownership","20-30","2","2026-02-23 16:21:09"
"السودان","FEMALE","Registration","20-30","3","2026-02-23 16:21:09"
"زيمبابوي","MALE","Registration","30-40","5","2026-02-23 16:21:09"
"العراق","MALE","Change Plate Number","20-30","1","2026-02-23 16:21:09"
"استراليا","MALE","Registration","60+","6","2026-02-23 16:21:09"
"فلسطين","MALE","Registration","40-60","43","2026-02-23 16:21:09"
"البرتغال","MALE","Registration","40-60","15","2026-02-23 16:21:09"
"السودان","MALE","Registration","60+","6","2026-02-23 16:21:09"
"اوزباكستان","MALE","Registration","40-60","29","2026-02-23 16:21:09"
"ايرلندا","FEMALE","Transfer of Ownership","30-40","1","2026-02-23 16:21:09"
"نيبال","FEMALE","Registration","30-40","4","2026-02-23 16:21:09"
"فلسطين","MALE","Transfer of Ownership","40-60","1","2026-02-23 16:21:09"
"هونج كونج","MALE","Change Plate Number","30-40","1","2026-02-23 16:21:09"
"تركمانستان","FEMALE","Update Info","30-40","1","2026-02-23 16:21:09"
"اسبانيا","MALE","Registration","20-30","11","2026-02-23 16:21:09"
"كندا","MALE","Change Plate Number","30-40","2","2026-02-23 16:21:09"
"اذربيجان","MALE","Change Plate Number","30-40","1","2026-02-23 16:21:09"
"الدانمارك","FEMALE","Transfer of Ownership","20-30","1","2026-02-23 16:21:09"
"المملكه المتحدة","MALE","Transfer of Ownership","40-60","4","2026-02-23 16:21:09"
"فرنسا","FEMALE","Transfer of Ownership","20-30","1","2026-02-23 16:21:09"
"باكستان","FEMALE","Registration","20-30","21","2026-02-23 16:21:09"
"صربيا","FEMALE","Registration","30-40","5","2026-02-23 16:21:09"
"السنغال","FEMALE","Registration","40-60","1","2026-02-23 16:21:09"
"لبنان","FEMALE","Change Plate Number","20-30","1","2026-02-23 16:21:09"
"تايلند","MALE","Registration","30-40","1","2026-02-23 16:21:09"
"روسيا البيضاء","MALE","Registration","20-30","3","2026-02-23 16:21:09"
"فيجي","MALE","Registration","30-40","1","2026-02-23 16:21:09"
"التشيك","MALE","Registration","60+","1","2026-02-23 16:21:09"
"النيجر","MALE","Registration","20-30","1","2026-02-23 16:21:09"
"سلوفينيا","FEMALE","Registration","60+","1","2026-02-23 16:21:09"
"النمسا","MALE","Registration","30-40","5","2026-02-23 16:21:09"
"فنلندا","MALE","Registration","40-60","1","2026-02-23 16:21:09"
"ايرلندا","FEMALE","Registration","30-40","10","2026-02-23 16:21:09"
"ترينيداد و توباجو","FEMALE","Registration","30-40","1","2026-02-23 16:21:09"
"مونتينيجرو","MALE","Registration","30-40","2","2026-02-23 16:21:09"
"نيجيريا","MALE","Change Plate Number","20-30","1","2026-02-23 16:21:09"
"مملكة البحرين","FEMALE","Registration","40-60","1","2026-02-23 16:21:09"
"البوسنه والهرسك","MALE","Registration","40-60","2","2026-02-23 16:21:09"
"بولندا","FEMALE","Registration","40-60","5","2026-02-23 16:21:09"
"ماليزيا","FEMALE","Registration","30-40","3","2026-02-23 16:21:09"
"الولايات المتحدة","MALE","Update Info","40-60","1","2026-02-23 16:21:09"
"المانيا","FEMALE","Registration","40-60","13","2026-02-23 16:21:09"
"بنغلاديش","MALE","Registration","40-60","110","2026-02-23 16:21:09"
"الدانمارك","MALE","Registration","60+","4","2026-02-23 16:21:09"
"بلغاريا","FEMALE","Registration","30-40","2","2026-02-23 16:21:09"
"العراق","MALE","Registration","20-30","16","2026-02-23 16:21:09"
"جزر كايمن","MALE","Registration","20-30","1","2026-02-23 16:21:09"
"تايون","MALE","Registration","60+","1","2026-02-23 16:21:09"
"مالطا","MALE","Registration","60+","1","2026-02-23 16:21:09"
"قيرغيزستان","MALE","Registration","20-30","15","2026-02-23 16:21:09"
"جمهورية فانواتو","MALE","Registration","20-30","1","2026-02-23 16:21:09"
"جمهورية الكونغو الديمقراطية","MALE","Registration","30-40","1","2026-02-23 16:21:09"
"الكويت","MALE","Registration","40-60","2","2026-02-23 16:21:09"
"مولدوفا","MALE","Registration","30-40","1","2026-02-23 16:21:09"
"سلوفاكيا","MALE","Registration","20-30","2","2026-02-23 16:21:09"
"اندونيسيا","MALE","Transfer of Ownership","30-40","1","2026-02-23 16:21:09"
"ايران","MALE","Change Plate Number","20-30","1","2026-02-23 16:21:09"
"فيتنام","FEMALE","Registration","40-60","1","2026-02-23 16:21:09"
"بنغلاديش","MALE","Change Plate Number","40-60","1","2026-02-23 16:21:09"
"سنغافوره","FEMALE","Registration","60+","3","2026-02-23 16:21:09"
"اسرائيل","FEMALE","Registration","30-40","1","2026-02-23 16:21:09"
"الامارات","FEMALE","Registration","20-30","62","2026-02-23 16:21:09"
"سلوفينيا","MALE","Registration","40-60","2","2026-02-23 16:21:09"
"لبنان","FEMALE","Registration","20-30","13","2026-02-23 16:21:09"
"الدومينيكان","FEMALE","Registration","40-60","1","2026-02-23 16:21:09"
"سنغافوره","MALE","Registration","40-60","7","2026-02-23 16:21:09"
"سنغافوره","MALE","Update Info","40-60","1","2026-02-23 16:21:09"
"كوريا الجنوبيه","MALE","Registration","40-60","17","2026-02-23 16:21:09"
"البرتغال","FEMALE","Registration","60+","1","2026-02-23 16:21:09"
"عمان","MALE","Registration","60+","2","2026-02-23 16:21:09"
"الاردن","MALE","Change Plate Number","30-40","2","2026-02-23 16:21:09"
"صربيا","MALE","Change Plate Number","30-40","1","2026-02-23 16:21:09"
"ارتيريا","FEMALE","Registration","30-40","1","2026-02-23 16:21:09"
"الهند","MALE","Registration","40-60","1704","2026-02-23 16:21:09"
"نيجيريا","MALE","Registration","30-40","11","2026-02-23 16:21:09"
"جزر القمر","MALE","Registration","20-30","7","2026-02-23 16:21:09"
"تركيا","FEMALE","Registration","60+","1","2026-02-23 16:21:09"
"سوريا","MALE","Transfer of Ownership","40-60","5","2026-02-23 16:21:09"
"العراق","MALE","Change Plate Number","60+","1","2026-02-23 16:21:09"
"كندا","MALE","Transfer of Ownership","40-60","1","2026-02-23 16:21:09"
"كندا","FEMALE","Registration","40-60","19","2026-02-23 16:21:09"
"المملكه المتحدة","MALE","Update Info","60+","1","2026-02-23 16:21:09"
"باكستان","FEMALE","Registration","30-40","51","2026-02-23 16:21:09"
"فرنسا","MALE","Change Plate Number","40-60","1","2026-02-23 16:21:09"
"الصين","FEMALE","Change Plate Number","40-60","1","2026-02-23 16:21:09"
"المغرب","FEMALE","Registration","30-40","21","2026-02-23 16:21:09"
"السودان","MALE","Change Plate Number","40-60","1","2026-02-23 16:21:09"
"جزر القمر","MALE","Registration","60+","3","2026-02-23 16:21:09"
"كندا","FEMALE","Registration","60+","3","2026-02-23 16:21:09"
"تايلند","FEMALE","Registration","30-40","2","2026-02-23 16:21:09"
"جنوب افريقيا","FEMALE","Registration","30-40","9","2026-02-23 16:21:09"
"المغرب","MALE","Transfer of Ownership","20-30","1","2026-02-23 16:21:09"
"كرواتيا","FEMALE","Registration","30-40","1","2026-02-23 16:21:09"
"نيبال","MALE","Registration","20-30","3","2026-02-23 16:21:09"
"بنغلاديش","FEMALE","Registration","20-30","5","2026-02-23 16:21:09"
"سانت لوسيا","MALE","Registration","40-60","5","2026-02-23 16:21:09"
"مولدوفا","MALE","Registration","40-60","1","2026-02-23 16:21:09"
"فلسطين","MALE","Registration","20-30","12","2026-02-23 16:21:09"
"جنوب افريقيا","MALE","Transfer of Ownership","40-60","1","2026-02-23 16:21:09"
"روسيا","MALE","Registration","60+","5","2026-02-23 16:21:09"
"لبنان","MALE","Transfer of Ownership","40-60","5","2026-02-23 16:21:09"
"قبرص","MALE","Transfer of Ownership","40-60","2","2026-02-23 16:21:09"
"النمسا","MALE","Registration","60+","1","2026-02-23 16:21:09"
"مصر","FEMALE","Transfer of Ownership","40-60","1","2026-02-23 16:21:09"
"بلجيكا","MALE","Registration","40-60","15","2026-02-23 16:21:09"
"جمهورية فانواتو","MALE","Registration","40-60","7","2026-02-23 16:21:09"
"روسيا","FEMALE","Change Plate Number","20-30","1","2026-02-23 16:21:09"
"مدغشقر","MALE","Registration","20-30","1","2026-02-23 16:21:09"
"الامارات","FEMALE","Change Plate Number","30-40","4","2026-02-23 16:21:09"
"سلوفاكيا","MALE","Registration","30-40","1","2026-02-23 16:21:09"
"هونج كونج","FEMALE","Registration","40-60","2","2026-02-23 16:21:09"
"اندونيسيا","MALE","Registration","40-60","3","2026-02-23 16:21:09"
"الولايات المتحدة","MALE","Transfer of Ownership","30-40","1","2026-02-23 16:21:09"
"رومانيا","MALE","Registration","30-40","12","2026-02-23 16:21:09"
"الصين","MALE","Transfer of Ownership","30-40","4","2026-02-23 16:21:09"
"الصين","FEMALE","Change Plate Number","30-40","1","2026-02-23 16:21:09"
"اليمن","FEMALE","Registration","40-60","12","2026-02-23 16:21:09"
"ساحل العاج","MALE","Registration","40-60","1","2026-02-23 16:21:09"
"سوريا","MALE","Registration","30-40","222","2026-02-23 16:21:09"
"المغرب","FEMALE","Change Plate Number","20-30","1","2026-02-23 16:21:09"
"الفلبين","MALE","Update Info","40-60","1","2026-02-23 16:21:09"
"البوسنه والهرسك","FEMALE","Registration","40-60","1","2026-02-23 16:21:09"
"سوريا","MALE","Update Info","40-60","1","2026-02-23 16:21:09"
"بنغلاديش","MALE","Transfer of Ownership","20-30","2","2026-02-23 16:21:09"
"سويسرا","MALE","Registration","40-60","17","2026-02-23 16:21:09"
"باكستان","MALE","Update Info","30-40","1","2026-02-23 16:21:09"
"كينيا","MALE","Registration","20-30","7","2026-02-23 16:21:09"
"قيرغيزستان","FEMALE","Registration","30-40","9","2026-02-23 16:21:09"
"ماليزيا","FEMALE","Registration","40-60","6","2026-02-23 16:21:09"
"تركيا","MALE","Transfer of Ownership","30-40","4","2026-02-23 16:21:09"
"سلوفاكيا","FEMALE","Registration","19-20","1","2026-02-23 16:21:09"
"موريشيوس","FEMALE","Registration","40-60","3","2026-02-23 16:21:09"
"دومينيكا","FEMALE","Registration","30-40","4","2026-02-23 16:21:09"
"جمهورية الكونغو الديمقراطية","MALE","Registration","20-30","1","2026-02-23 16:21:09"
"ايرلندا","FEMALE","Registration","20-30","7","2026-02-23 16:21:09"
"الاردن","MALE","Registration","40-60","209","2026-02-23 16:21:09"
"تركمانستان","MALE","Registration","30-40","10","2026-02-23 16:21:09"
"الامارات","MALE","Registration","40-60","729","2026-02-23 16:21:09"
"اسبانيا","MALE","Registration","40-60","34","2026-02-23 16:21:09"
"السويد","FEMALE","Change Plate Number","30-40","1","2026-02-23 16:21:09"
"اوغنده","MALE","Transfer of Ownership","30-40","1","2026-02-23 16:21:09"
"الولايات المتحدة","MALE","Registration","30-40","29","2026-02-23 16:21:09"
"طاجكستان","MALE","Registration","40-60","4","2026-02-23 16:21:09"
"مصر","FEMALE","Registration","19-20","1","2026-02-23 16:21:09"
"ليبيا","MALE","Registration","40-60","5","2026-02-23 16:21:09"
"العراق","MALE","Registration","40-60","67","2026-02-23 16:21:09"
"الكويت","MALE","Registration","30-40","5","2026-02-23 16:21:09"
"لوكسمبورغ","MALE","Registration","30-40","1","2026-02-23 16:21:09"
"نيجيريا","FEMALE","Registration","30-40","3","2026-02-23 16:21:09"
"استراليا","MALE","Registration","30-40","30","2026-02-23 16:21:09"
"سويسرا","MALE","Registration","60+","2","2026-02-23 16:21:09"
"تونس","FEMALE","Registration","40-60","5","2026-02-23 16:21:09"
"اليونان","MALE","Registration","20-30","1","2026-02-23 16:21:09"
"استراليا","MALE","Update Info","60+","1","2026-02-23 16:21:09"
"الامارات","FEMALE","Update Info","20-30","3","2026-02-23 16:21:09"
"روسيا","MALE","Update Info","40-60","1","2026-02-23 16:21:09"
"جرينادا","MALE","Registration","40-60","13","2026-02-23 16:21:09"
"اثيوبيا","MALE","Registration","40-60","9","2026-02-23 16:21:09"
"بولندا","MALE","Transfer of Ownership","20-30","1","2026-02-23 16:21:09"
"تونس","FEMALE","Transfer of Ownership","30-40","2","2026-02-23 16:21:09"
"تشاد","MALE","Registration","30-40","4","2026-02-23 16:21:09"
"الهند","MALE","Change Plate Number","40-60","23","2026-02-23 16:21:09"
"استراليا","MALE","Transfer of Ownership","30-40","1","2026-02-23 16:21:09"
"الارجنتين","FEMALE","Registration","20-30","1","2026-02-23 16:21:09"
"سوريا","MALE","Transfer of Ownership","20-30","3","2026-02-23 16:21:09"
"لوكسمبورغ","MALE","Registration","40-60","3","2026-02-23 16:21:09"
"عمان","MALE","Registration","20-30","1","2026-02-23 16:21:09"
"الهند","FEMALE","Transfer of Ownership","30-40","2","2026-02-23 16:21:09"
"باكستان","MALE","Transfer of Ownership","20-30","5","2026-02-23 16:21:09"
"الامارات","FEMALE","Transfer of Ownership","20-30","1","2026-02-23 16:21:09"
"مونتينيجرو","MALE","Registration","40-60","1","2026-02-23 16:21:09"
"مالطا","FEMALE","Registration","20-30","1","2026-02-23 16:21:09"
"جنوب افريقيا","MALE","Update Info","30-40","1","2026-02-23 16:21:09"
"سيريلانكا","MALE","Registration","40-60","49","2026-02-23 16:21:09"
"استونيا","MALE","Registration","40-60","2","2026-02-23 16:21:09"
"مملكة البحرين","MALE","Registration","40-60","3","2026-02-23 16:21:09"
"المغرب","MALE","Registration","30-40","21","2026-02-23 16:21:09"
"روسيا","MALE","Registration","20-30","39","2026-02-23 16:21:09"
"مصر","FEMALE","Change Plate Number","30-40","1","2026-02-23 16:21:09"
"روسيا","FEMALE","Transfer of Ownership","40-60","2","2026-02-23 16:21:09"
"سانت كيتس ونيفيس","FEMALE","Registration","40-60","4","2026-02-23 16:21:09"
"جمهورية فانواتو","MALE","Registration","30-40","2","2026-02-23 16:21:09"
"بلجيكا","FEMALE","Registration","20-30","1","2026-02-23 16:21:09"
"العراق","MALE","Registration","30-40","38","2026-02-23 16:21:09"
"صربيا","FEMALE","Registration","20-30","2","2026-02-23 16:21:09"
"روسيا البيضاء","FEMALE","Registration","20-30","5","2026-02-23 16:21:09"
"اوكرانيا","FEMALE","Registration","20-30","10","2026-02-23 16:21:09"
"قيرغيزستان","MALE","Transfer of Ownership","40-60","1","2026-02-23 16:21:09"
"الاردن","FEMALE","Update Info","40-60","1","2026-02-23 16:21:09"
"الدانمارك","MALE","Registration","30-40","4","2026-02-23 16:21:09"
"فنلندا","MALE","Registration","30-40","2","2026-02-23 16:21:09"
"اندونيسيا","MALE","Registration","20-30","2","2026-02-23 16:21:09"
"تنزانيا","MALE","Registration","40-60","7","2026-02-23 16:21:09"
"جزر القمر","MALE","Registration","40-60","13","2026-02-23 16:21:09"
"اليابان","MALE","Registration","20-30","2","2026-02-23 16:21:09"
"الفلبين","MALE","Change Plate Number","40-60","3","2026-02-23 16:21:09"
"النيجر","MALE","Registration","30-40","1","2026-02-23 16:21:09"
"مصر","FEMALE","Transfer of Ownership","30-40","3","2026-02-23 16:21:09"
"اليونان","MALE","Registration","30-40","8","2026-02-23 16:21:09"
"سيريلانكا","MALE","Registration","60+","2","2026-02-23 16:21:09"
"المجر","FEMALE","Registration","40-60","2","2026-02-23 16:21:09"
"سانت كيتس ونيفيس","MALE","Registration","30-40","13","2026-02-23 16:21:09"
"الامارات","FEMALE","Change Plate Number","40-60","9","2026-02-23 16:21:09"
"جورجيا","FEMALE","Registration","20-30","1","2026-02-23 16:21:09"
"لبنان","MALE","Change Plate Number","40-60","2","2026-02-23 16:21:09"
"ليبيا","MALE","Registration","20-30","1","2026-02-23 16:21:09"
"سويسرا","FEMALE","Registration","30-40","3","2026-02-23 16:21:09"
"موزمبيق","FEMALE","Transfer of Ownership","20-30","1","2026-02-23 16:21:09"
"سانت كيتس ونيفيس","FEMALE","Registration","20-30","1","2026-02-23 16:21:09"
"السعوديه","MALE","Transfer of Ownership","40-60","1","2026-02-23 16:21:09"
"اوكرانيا","MALE","Registration","40-60","31","2026-02-23 16:21:09"
"كينيا","MALE","Registration","60+","1","2026-02-23 16:21:09"
"جامبيا","MALE","Registration","40-60","1","2026-02-23 16:21:09"
"العراق","MALE","Change Plate Number","30-40","2","2026-02-23 16:21:09"
"كندا","MALE","Registration","30-40","57","2026-02-23 16:21:09"
"استراليا","MALE","Transfer of Ownership","40-60","3","2026-02-23 16:21:09"
"كرواتيا","MALE","Registration","20-30","1","2026-02-23 16:21:09"
"الصين","MALE","Registration","40-60","86","2026-02-23 16:21:09"
"ايطاليا","MALE","Registration","30-40","23","2026-02-23 16:21:09"
"نيوزيلندا","FEMALE","Registration","20-30","1","2026-02-23 16:21:09"
"سانت لوسيا","FEMALE","Registration","40-60","1","2026-02-23 16:21:09"
"بروندي","MALE","Registration","20-30","1","2026-02-23 16:21:09"
"باكستان","FEMALE","Transfer of Ownership","30-40","1","2026-02-23 16:21:09"
"المملكه المتحدة","MALE","Update Info","30-40","2","2026-02-23 16:21:09"
"العراق","FEMALE","Registration","40-60","14","2026-02-23 16:21:09"
"الولايات المتحدة","FEMALE","Change Plate Number","20-30","1","2026-02-23 16:21:09"
"المملكه المتحدة","FEMALE","Registration","60+","4","2026-02-23 16:21:09"
"كندا","MALE","Registration","40-60","96","2026-02-23 16:21:09"
"سانت كيتس ونيفيس","FEMALE","Registration","30-40","1","2026-02-23 16:21:09"
"تونس","FEMALE","Registration","30-40","20","2026-02-23 16:21:09"
"تونس","MALE","Registration","20-30","3","2026-02-23 16:21:09"
"اليمن","FEMALE","Registration","20-30","5","2026-02-23 16:21:09"
"ايران","MALE","Transfer of Ownership","20-30","3","2026-02-23 16:21:09"
"تركيا","MALE","Update Info","20-30","1","2026-02-23 16:21:09"
"المغرب","MALE","Registration","40-60","12","2026-02-23 16:21:09"
"السودان","MALE","Transfer of Ownership","30-40","1","2026-02-23 16:21:09"
"باكستان","MALE","Registration","60+","32","2026-02-23 16:21:09"
"طاجكستان","MALE","Registration","30-40","5","2026-02-23 16:21:09"
"افغانستان","FEMALE","Change Plate Number","20-30","1","2026-02-23 16:21:09"
"ارمينيا","MALE","Registration","40-60","11","2026-02-23 16:21:09"
"الاردن","MALE","Registration","60+","23","2026-02-23 16:21:09"
"باكستان","MALE","Change Plate Number","30-40","10","2026-02-23 16:21:09"
"عمان","FEMALE","Change Plate Number","40-60","1","2026-02-23 16:21:09"
"قيرغيزستان","MALE","Update Info","40-60","1","2026-02-23 16:21:09"
"جنوب افريقيا","MALE","Registration","60+","4","2026-02-23 16:21:09"
"روسيا","MALE","Change Plate Number","60+","1","2026-02-23 16:21:09"
"روسيا","MALE","Transfer of Ownership","30-40","1","2026-02-23 16:21:09"
"كولومبيا","MALE","Registration","20-30","3","2026-02-23 16:21:09"
"بولندا","MALE","Registration","40-60","13","2026-02-23 16:21:09"
"البرازيل","FEMALE","Registration","40-60","3","2026-02-23 16:21:09"
"المملكه المتحدة","MALE","Change Plate Number","40-60","10","2026-02-23 16:21:09"
"بلجيكا","MALE","Registration","30-40","7","2026-02-23 16:21:09"
"سيريلانكا","MALE","Registration","30-40","75","2026-02-23 16:21:09"
"هولندا","FEMALE","Registration","40-60","4","2026-02-23 16:21:09"
"اوكرانيا","FEMALE","Update Info","30-40","1","2026-02-23 16:21:09"
"هولندا","MALE","Registration","60+","9","2026-02-23 16:21:09"
"قبرص","MALE","Registration","60+","2","2026-02-23 16:21:09"
"ماليزيا","FEMALE","Change Plate Number","40-60","1","2026-02-23 16:21:09"
"العراق","MALE","Transfer of Ownership","40-60","3","2026-02-23 16:21:09"
"الصين","FEMALE","Registration","20-30","10","2026-02-23 16:21:09"
"باكستان","MALE","Registration","40-60","768","2026-02-23 16:21:09"
"كندا","FEMALE","Registration","20-30","6","2026-02-23 16:21:09"
"رواندا","MALE","Registration","20-30","1","2026-02-23 16:21:09"
"ايران","FEMALE","Registration","40-60","52","2026-02-23 16:21:09"
"الدانمارك","FEMALE","Registration","20-30","1","2026-02-23 16:21:09"
"فرنسا","FEMALE","Registration","40-60","34","2026-02-23 16:21:09"
"باكستان","MALE","Transfer of Ownership","30-40","21","2026-02-23 16:21:09"
"غانا","MALE","Registration","30-40","9","2026-02-23 16:21:09"
"رومانيا","FEMALE","Registration","40-60","11","2026-02-23 16:21:09"
"مصر","MALE","Transfer of Ownership","40-60","7","2026-02-23 16:21:09"
"المملكه المتحدة","FEMALE","Registration","30-40","123","2026-02-23 16:21:09"
"الصين","MALE","Change Plate Number","60+","1","2026-02-23 16:21:09"
"اذربيجان","MALE","Update Info","30-40","1","2026-02-23 16:21:09"
"ايران","MALE","Registration","40-60","123","2026-02-23 16:21:09"
"الكاميرون","MALE","Registration","30-40","17","2026-02-23 16:21:09"
"الامارات","MALE","Registration","19-20","1","2026-02-23 16:21:09"
"سيراليون","MALE","Registration","30-40","1","2026-02-23 16:21:09"
"لبنان","FEMALE","Registration","40-60","43","2026-02-23 16:21:09"
"اسبانيا","FEMALE","Registration","40-60","9","2026-02-23 16:21:09"
"سوريا","FEMALE","Registration","30-40","55","2026-02-23 16:21:09"
"كازاخستان","FEMALE","Transfer of Ownership","20-30","1","2026-02-23 16:21:09"
"جزر القمر","FEMALE","Registration","40-60","4","2026-02-23 16:21:09"
"كولومبيا","MALE","Registration","40-60","3","2026-02-23 16:21:09"
"انغولا","MALE","Registration","30-40","1","2026-02-23 16:21:09"
"المجر","MALE","Registration","20-30","1","2026-02-23 16:21:09"
"موزمبيق","MALE","Registration","40-60","1","2026-02-23 16:21:09"
"المملكه المتحدة","MALE","Transfer of Ownership","20-30","2","2026-02-23 16:21:09"
"دومينيكا","MALE","Transfer of Ownership","40-60","1","2026-02-23 16:21:09"
"بنين","MALE","Registration","40-60","1","2026-02-23 16:21:09"
"الجزائر","MALE","Registration","30-40","27","2026-02-23 16:21:09"
"تشاد","MALE","Registration","40-60","2","2026-02-23 16:21:09"
"اوزباكستان","FEMALE","Registration","30-40","9","2026-02-23 16:21:09"
"الامارات","MALE","Registration","30-40","337","2026-02-23 16:21:09"
"انتيجوا و باربودا","MALE","Registration","40-60","4","2026-02-23 16:21:09"
"مصر","MALE","Change Plate Number","60+","1","2026-02-23 16:21:09"
"البانيا","MALE","Registration","20-30","1","2026-02-23 16:21:09"
"اليمن","MALE","Transfer of Ownership","30-40","1","2026-02-23 16:21:09"
"بولندا","MALE","Registration","20-30","2","2026-02-23 16:21:09"
"باكستان","MALE","Change Plate Number","40-60","7","2026-02-23 16:21:09"
"ايرلندا","MALE","Registration","40-60","23","2026-02-23 16:21:09"
"غينيا","MALE","Registration","20-30","1","2026-02-23 16:21:09"
"اليابان","MALE","Registration","40-60","4","2026-02-23 16:21:09"
"الدانمارك","FEMALE","Update Info","20-30","1","2026-02-23 16:21:09"
"توغو","MALE","Registration","30-40","1","2026-02-23 16:21:09"
"السنغال","MALE","Registration","40-60","1","2026-02-23 16:21:09"
"دومينيكا","MALE","Change Plate Number","60+","1","2026-02-23 16:21:09"
"سوريا","MALE","Registration","60+","12","2026-02-23 16:21:09"
"سلوفينيا","MALE","Registration","30-40","1","2026-02-23 16:21:09"
"بلجيكا","MALE","Registration","20-30","2","2026-02-23 16:21:09"
"الصين","MALE","Registration","60+","2","2026-02-23 16:21:09"
"عمان","MALE","Change Plate Number","40-60","1","2026-02-23 16:21:09"
"جزر القمر","FEMALE","Change Plate Number","30-40","1","2026-02-23 16:21:09"
"فلسطين","FEMALE","Registration","20-30","2","2026-02-23 16:21:09"
"باكستان","MALE","Update Info","40-60","3","2026-02-23 16:21:09"
"قيرغيزستان","MALE","Registration","40-60","6","2026-02-23 16:21:09"
"الصين","MALE","Registration","20-30","10","2026-02-23 16:21:09"
"بلجيكا","MALE","Transfer of Ownership","30-40","1","2026-02-23 16:21:09"
"قبرص","FEMALE","Registration","60+","1","2026-02-23 16:21:09"
"صربيا","MALE","Registration","20-30","1","2026-02-23 16:21:09"
"السعوديه","MALE","Registration","40-60","11","2026-02-23 16:21:09"
"المملكه المتحدة","FEMALE","Change Plate Number","40-60","4","2026-02-23 16:21:09"
"روسيا البيضاء","MALE","Update Info","30-40","1","2026-02-23 16:21:09"
"سوريا","MALE","Transfer of Ownership","30-40","7","2026-02-23 16:21:09"
"ارمينيا","FEMALE","Registration","40-60","1","2026-02-23 16:21:09"
"فرنسا","FEMALE","Registration","20-30","11","2026-02-23 16:21:09"
"الهند","MALE","Transfer of Ownership","40-60","22","2026-02-23 16:21:09"
"الهند","FEMALE","Registration","30-40","230","2026-02-23 16:21:09"
"المكسيك","FEMALE","Registration","30-40","2","2026-02-23 16:21:09"
"السويد","MALE","Registration","20-30","10","2026-02-23 16:21:09"
"المملكه المتحدة","MALE","Transfer of Ownership","30-40","5","2026-02-23 16:21:09"
"هولندا","MALE","Transfer of Ownership","20-30","1","2026-02-23 16:21:09"
"السويد","MALE","Registration","60+","1","2026-02-23 16:21:09"
"جمهورية ماينمار","MALE","Registration","30-40","8","2026-02-23 16:21:09"
"هونج كونج","MALE","Registration","40-60","2","2026-02-23 16:21:09"
"اندونيسيا","FEMALE","Registration","20-30","1","2026-02-23 16:21:09"
"المملكه المتحدة","FEMALE","Registration","40-60","102","2026-02-23 16:21:09"
"بروندي","MALE","Registration","40-60","1","2026-02-23 16:21:09"
"اليابان","MALE","Registration","30-40","3","2026-02-23 16:21:09"
"اليمن","MALE","Registration","20-30","16","2026-02-23 16:21:09"
"المانيا","MALE","Registration","20-30","21","2026-02-23 16:21:09"
"سنغافوره","MALE","Registration","60+","2","2026-02-23 16:21:09"
"جمهورية فانواتو","FEMALE","Registration","30-40","1","2026-02-23 16:21:09"
"استراليا","FEMALE","Registration","40-60","16","2026-02-23 16:21:09"
"ايران","MALE","Change Plate Number","30-40","4","2026-02-23 16:21:09"
"هولندا","FEMALE","Registration","30-40","7","2026-02-23 16:21:09"
"كولومبيا","MALE","Registration","30-40","6","2026-02-23 16:21:09"
"غانا","MALE","Registration","40-60","2","2026-02-23 16:21:09"
"دومينيكا","FEMALE","Registration","40-60","16","2026-02-23 16:21:09"
"الصين","MALE","Transfer of Ownership","40-60","1","2026-02-23 16:21:09"
"الهند","MALE","Change Plate Number","30-40","14","2026-02-23 16:21:09"
"الاردن","MALE","Change Plate Number","60+","1","2026-02-23 16:21:09"
"روسيا","FEMALE","Registration","40-60","27","2026-02-23 16:21:09"
"غانا","FEMALE","Registration","30-40","3","2026-02-23 16:21:09"
"روسيا","MALE","Change Plate Number","20-30","1","2026-02-23 16:21:09"
"موريتانيا","MALE","Registration","20-30","1","2026-02-23 16:21:09"
"الاردن","MALE","Update Info","40-60","1","2026-02-23 16:21:09"
"لاتيفيا","FEMALE","Registration","40-60","1","2026-02-23 16:21:09"
"بيرو","MALE","Registration","40-60","2","2026-02-23 16:21:09"
"هولندا","FEMALE","Registration","20-30","3","2026-02-23 16:21:09"
"النيجر","MALE","Registration","40-60","2","2026-02-23 16:21:09"
"الامارات","MALE","Update Info","30-40","18","2026-02-23 16:21:09"
"المغرب","FEMALE","Transfer of Ownership","40-60","2","2026-02-23 16:21:09"
"المانيا","FEMALE","Registration","30-40","13","2026-02-23 16:21:09"
"تركيا","MALE","Registration","30-40","85","2026-02-23 16:21:09"
"المغرب","FEMALE","Update Info","40-60","1","2026-02-23 16:21:09"
"اوزباكستان","MALE","Registration","30-40","51","2026-02-23 16:21:09"
"اثيوبيا","FEMALE","Update Info","40-60","1","2026-02-23 16:21:09"
"تركيا","FEMALE","Registration","20-30","6","2026-02-23 16:21:09"
"تونس","FEMALE","Transfer of Ownership","20-30","1","2026-02-23 16:21:09"
"السودان","FEMALE","Registration","40-60","16","2026-02-23 16:21:09"
"الاردن","FEMALE","Change Plate Number","30-40","1","2026-02-23 16:21:09"
"تايلند","MALE","Registration","40-60","1","2026-02-23 16:21:09"
"تركيا","FEMALE","Transfer of Ownership","20-30","1","2026-02-23 16:21:09"
"روسيا","MALE","Change Plate Number","30-40","2","2026-02-23 16:21:09"
"كينيا","FEMALE","Registration","20-30","1","2026-02-23 16:21:09"
"ايطاليا","MALE","Registration","20-30","10","2026-02-23 16:21:09"
"السعوديه","MALE","Registration","30-40","10","2026-02-23 16:21:09"
"اذربيجان","MALE","Registration","30-40","13","2026-02-23 16:21:09"
"اوغنده","MALE","Registration","40-60","2","2026-02-23 16:21:09"
"اثيوبيا","FEMALE","Registration","30-40","4","2026-02-23 16:21:09"
"اوزباكستان","MALE","Registration","20-30","23","2026-02-23 16:21:09"
"سلوفاكيا","FEMALE","Registration","20-30","1","2026-02-23 16:21:09"
"اليونان","MALE","Registration","60+","2","2026-02-23 16:21:09"
"جنوب افريقيا","MALE","Registration","40-60","34","2026-02-23 16:21:09"
"الدانمارك","MALE","Registration","40-60","5","2026-02-23 16:21:09"
"اوزباكستان","MALE","Transfer of Ownership","30-40","1","2026-02-23 16:21:09"
"الاردن","FEMALE","Change Plate Number","40-60","1","2026-02-23 16:21:09"
"اندونيسيا","FEMALE","Registration","40-60","1","2026-02-23 16:21:09"
"الامارات","FEMALE","Change Plate Number","20-30","2","2026-02-23 16:21:09"
"اسبانيا","FEMALE","Registration","20-30","4","2026-02-23 16:21:09"
"تركيا","MALE","Update Info","30-40","1","2026-02-23 16:21:09"
"بلغاريا","MALE","Registration","60+","1","2026-02-23 16:21:09"
"المغرب","FEMALE","Registration","20-30","16","2026-02-23 16:21:09"
"الامارات","MALE","Registration","60+","206","2026-02-23 16:21:09"
"الهند","FEMALE","Transfer of Ownership","40-60","2","2026-02-23 16:21:09"
"لبنان","MALE","Registration","40-60","159","2026-02-23 16:21:09"
"الاردن","MALE","Registration","20-30","36","2026-02-23 16:21:09"
"جمهورية ماينمار","FEMALE","Registration","30-40","2","2026-02-23 16:21:09"
"منغوليا","MALE","Change Plate Number","30-40","1","2026-02-23 16:21:09"
"طاجكستان","FEMALE","Transfer of Ownership","19-20","1","2026-02-23 16:21:09"
"الولايات المتحدة","FEMALE","Transfer of Ownership","20-30","1","2026-02-23 16:21:09"
"تركيا","MALE","Registration","19-20","1","2026-02-23 16:21:09"
"المملكه المتحدة","MALE","Update Info","40-60","5","2026-02-23 16:21:09"
"رومانيا","MALE","Change Plate Number","30-40","1","2026-02-23 16:21:09"
"الجزائر","FEMALE","Registration","40-60","4","2026-02-23 16:21:09"
"افغانستان","MALE","Registration","30-40","75","2026-02-23 16:21:09"
"الهند","FEMALE","Change Plate Number","40-60","3","2026-02-23 16:21:09"
"لبنان","MALE","Registration","30-40","101","2026-02-23 16:21:09"
"السعوديه","MALE","Registration","20-30","5","2026-02-23 16:21:09"
"البرتغال","MALE","Registration","30-40","18","2026-02-23 16:21:09"
"مقدونيا","MALE","Registration","30-40","1","2026-02-23 16:21:09"
"هولندا","MALE","Registration","20-30","7","2026-02-23 16:21:09"