station_starttime_saturday,station_location_type_english,station_starttime_sunday,station_endtime_sunday,zone_id,station_opening_date,station_endtime_saturday,line_name,station_endtime_monday,parking_facilities,transport_mode,station_location_type_arabic,station_closing_date,station_endtime_friday,station_name_english,station_starttime_monday,current_service_status,station_starttime_tuesday,station_endtime_wednesday,station_location_longitude,station_name_arabic,number_stops,number_layby,customer_facilities,station_number,station_endtime_tuesday,station_starttime_wednesday,station_location_latitude,station_starttime_thursday,station_endtime_thursday,station_starttime_friday
"1970-01-01 06:00:00","Elevated","1970-01-01 06:00:00","1970-01-01 01:00:00","2","2014-11-11","1970-01-01 01:00:00","Tram","1970-01-01 01:00:00","","Tram","فوق الأرض","null","1970-01-01 01:00:00","Palm Jumeirah","1970-01-01 06:00:00","","1970-01-01 06:00:00","1970-01-01 01:00:00","55.155743","نخلة جميرا","1","null","WIFI, Air-conditioning, Waiting Area (Without Seats)","T9","1970-01-01 01:00:00","1970-01-01 06:00:00","25.098284","1970-01-01 06:00:00","1970-01-01 01:00:00","1970-01-01 09:00:00"
"1970-01-01 05:00:00","Elevated","1970-01-01 05:00:00","1970-01-01 12:00:00","2","2010-04-30","1970-01-01 12:00:00","Red","1970-01-01 12:00:00","","Metro","فوق الأرض","null","1970-01-01 01:00:00","Ibn Battuta","1970-01-01 05:00:00","in service","1970-01-01 05:00:00","1970-01-01 12:00:00","55.117528"," ابن بطوطة","1","null","WIFI, Restrooms, Waiting Area, Air-conditioning, Shopping, Restaurants, Vending Machines, Elevator, Escalator","R39","1970-01-01 12:00:00","1970-01-01 05:00:00","25.046726","1970-01-01 05:00:00","1970-01-01 01:00:00","1970-01-01 05:00:00"
"1970-01-01 05:30:00","Underground","1970-01-01 05:30:00","1970-01-01 12:00:00","6","2011-09-09","1970-01-01 12:00:00","Green","1970-01-01 12:00:00","","Metro","تحت الأرض","null","1970-01-01 01:00:00","Sharaf DG","1970-01-01 05:30:00","in service","1970-01-01 05:30:00","1970-01-01 12:00:00","55.297559","شرف دي جي","1","null","WIFI, Restrooms, Waiting Area, Air-conditioning, Shopping, Restaurants, Vending Machines, Elevator, Escalator","G25","1970-01-01 12:00:00","1970-01-01 05:30:00","25.258301","1970-01-01 05:30:00","1970-01-01 01:00:00","1970-01-01 10:00:00"
"1970-01-01 12:00:00","","1970-01-01 12:00:00","1970-01-01 12:00:00","2","null","1970-01-01 12:00:00","10;12;63E;7;96;98E;F26","1970-01-01 12:00:00","","BUS","","null","1970-01-01 12:00:00","Al Quoz; Bus Station","1970-01-01 12:00:00","","1970-01-01 12:00:00","1970-01-01 12:00:00","55.232628","محطة حافلات القوز","7","null","","QZBS","1970-01-01 12:00:00","1970-01-01 12:00:00","25.147218","1970-01-01 12:00:00","1970-01-01 12:00:00","1970-01-01 12:00:00"
"1970-01-01 06:00:00","Elevated","1970-01-01 06:00:00","1970-01-01 01:00:00","2","2014-11-11","1970-01-01 01:00:00","Tram","1970-01-01 01:00:00","","Tram","فوق الأرض","null","1970-01-01 01:00:00","Jumeirah Beach Residence 2","1970-01-01 06:00:00","","1970-01-01 06:00:00","1970-01-01 01:00:00","55.132231","أبراج شاطئ جميرا 2","1","null","WIFI, Air-conditioning, Waiting Area (Without Seats)","T2","1970-01-01 01:00:00","1970-01-01 06:00:00","25.073814","1970-01-01 06:00:00","1970-01-01 01:00:00","1970-01-01 09:00:00"
"null","","null","null","6","null","null","","null","NO","Marine","","null","null","Safa Park Marine Transport Station","null","NO","null","null","55.24928","محطة حديقة الصفا للنقل البحري ","null","null","","29701","null","null","25.18569","null","null","null"
"1970-01-01 08:30:00","","1970-01-01 07:00:00","1970-01-01 08:30:00","6","null","1970-01-01 09:00:00","FR1;FR3;FR5","1970-01-01 08:30:00","NO","Marine","","null","1970-01-01 10:30:00","Al Ghubaiba Marine Transport Station","1970-01-01 07:00:00","Working","1970-01-01 07:00:00","1970-01-01 08:30:00","55.29097","محطة الغبيبة للنقل البحري","null","null","","26401","1970-01-01 08:30:00","1970-01-01 07:00:00","25.26516","1970-01-01 07:00:00","1970-01-01 08:30:00","1970-01-01 02:00:00"
"1970-01-01 06:00:00","Elevated","1970-01-01 06:00:00","1970-01-01 01:00:00","2","2014-11-11","1970-01-01 01:00:00","Tram","1970-01-01 01:00:00","","Tram","فوق الأرض","null","1970-01-01 01:00:00","Al Sufouh","1970-01-01 06:00:00","","1970-01-01 06:00:00","1970-01-01 01:00:00","55.165147","الصفوح","1","null","WIFI, Air-conditioning, Waiting Area (Without Seats)","T11","1970-01-01 01:00:00","1970-01-01 06:00:00","25.108091","1970-01-01 06:00:00","1970-01-01 01:00:00","1970-01-01 09:00:00"
"1970-01-01 05:00:00","Elevated","1970-01-01 05:00:00","1970-01-01 12:00:00","5","2010-05-15","1970-01-01 12:00:00","Red","1970-01-01 12:00:00","","Metro","فوق الأرض","null","1970-01-01 01:00:00","GGICO","1970-01-01 05:00:00","in service","1970-01-01 05:00:00","1970-01-01 12:00:00","55.340034"," جي جي كو","1","null","WIFI, Restrooms, Waiting Area, Air-conditioning, Shopping, Restaurants, Vending Machines, Elevator, Escalator","R15","1970-01-01 12:00:00","1970-01-01 05:00:00","25.249497","1970-01-01 05:00:00","1970-01-01 01:00:00","1970-01-01 05:00:00"
"1970-01-01 05:00:00","Elevated","1970-01-01 05:00:00","1970-01-01 12:00:00","6","2010-04-30","1970-01-01 12:00:00","Red","1970-01-01 12:00:00","","Metro","فوق الأرض","null","1970-01-01 01:00:00","ADCB","1970-01-01 05:00:00","in service","1970-01-01 05:00:00","1970-01-01 12:00:00","55.298196"," بنك أبوظبي التجاري","1","null","WIFI, Restrooms, Waiting Area, Air-conditioning, Shopping, Restaurants, Vending Machines, Elevator, Escalator","R20","1970-01-01 12:00:00","1970-01-01 05:00:00","25.244494","1970-01-01 05:00:00","1970-01-01 01:00:00","1970-01-01 05:00:00"
"1970-01-01 10:00:00","","1970-01-01 10:00:00","1970-01-01 10:45:00","2","null","1970-01-01 10:45:00","BM1","1970-01-01 10:45:00","NO","Marine","","null","1970-01-01 11:30:00","Marina Promenade Marine Transport Station","1970-01-01 10:00:00","Working","1970-01-01 10:00:00","1970-01-01 10:45:00","55.1349","محطة مارينا بروميناد للنقل البحري","null","null","","26201","1970-01-01 10:45:00","1970-01-01 10:00:00","25.07508","1970-01-01 10:00:00","1970-01-01 10:00:00","1970-01-01 12:00:00"
"1970-01-01 05:30:00","Elevated","1970-01-01 05:30:00","1970-01-01 12:00:00","5","2011-09-09","1970-01-01 12:00:00","Green","1970-01-01 12:00:00","","Metro","فوق الأرض","null","1970-01-01 01:00:00","Etisalat","1970-01-01 05:30:00","","1970-01-01 05:30:00","1970-01-01 12:00:00","55.401007"," اتصالات","1","null","WIFI, Restrooms, Waiting Area, Air-conditioning, Shopping, Restaurants, Vending Machines, Elevator, Escalator","G11","1970-01-01 12:00:00","1970-01-01 05:30:00","25.254805","1970-01-01 05:30:00","1970-01-01 01:00:00","1970-01-01 10:00:00"
"null","","null","null","6","null","null","","null","NO","Marine","","null","null","Al Wasl Marine Transport Station","null","NO","null","null","55.24395","محطة الوصل للنقل البحري  ","null","null","","29601","null","null","25.18996","null","null","null"
"1970-01-01 06:00:00","Elevated","1970-01-01 06:00:00","1970-01-01 01:00:00","2","2014-11-11","1970-01-01 01:00:00","Tram","1970-01-01 01:00:00","","Tram","فوق الأرض","null","1970-01-01 01:00:00","Jumeirah Beach Residence 1","1970-01-01 06:00:00","","1970-01-01 06:00:00","1970-01-01 01:00:00","55.138233","أبراج شاطئ جميرا 1","1","null","WIFI, Air-conditioning, Waiting Area (Without Seats)","T1","1970-01-01 01:00:00","1970-01-01 06:00:00","25.079738","1970-01-01 06:00:00","1970-01-01 01:00:00","1970-01-01 09:00:00"
"null","","null","null","2","null","null","","null","NO","Marine","","null","null","Jumeirah Beach Hotel Marine Transport Station","null","NO","null","null","55.1896","محطة فندق شاطئ جميرا للنقل البحري","null","null","","27601","null","null","25.14455","null","null","null"
"1970-01-01 05:30:00","Elevated","1970-01-01 05:30:00","1970-01-01 12:00:00","5","2011-09-09","1970-01-01 12:00:00","Green","1970-01-01 12:00:00","","Metro","فوق الأرض","null","1970-01-01 01:00:00","Al Qiyadah","1970-01-01 05:30:00","","1970-01-01 05:30:00","1970-01-01 12:00:00","55.352765"," القيادة","1","null","WIFI, Restrooms, Waiting Area, Air-conditioning, Shopping, Restaurants, Vending Machines, Elevator, Escalator","G16","1970-01-01 12:00:00","1970-01-01 05:30:00","25.277667","1970-01-01 05:30:00","1970-01-01 01:00:00","1970-01-01 10:00:00"
"null","","null","null","6","null","null","","null","NO","Marine","","null","null","Al Shandagha Marine Transport Station","null","NO","null","null","55.29212","محطة الشندغة للنقل البحري","null","null","","25501","null","null","25.26985","null","null","null"
"1970-01-01 07:30:00","","1970-01-01 07:30:00","1970-01-01 11:00:00","5","null","1970-01-01 11:00:00","CR6","1970-01-01 11:00:00","NO","Marine","","null","1970-01-01 01:00:00","Al Seef Marine Transport Station","1970-01-01 07:30:00","Working","1970-01-01 07:30:00","1970-01-01 11:00:00","55.30974","محطة السيف للنقل البحري","null","null","","26001","1970-01-01 11:00:00","1970-01-01 07:30:00","25.25997","1970-01-01 07:30:00","1970-01-01 11:00:00","1970-01-01 10:00:00"
"1970-01-01 05:00:00","Elevated","1970-01-01 05:00:00","1970-01-01 12:00:00","6","2010-04-30","1970-01-01 12:00:00","Red","1970-01-01 12:00:00","","Metro","فوق الأرض","null","1970-01-01 01:00:00","Emirates Towers","1970-01-01 05:00:00","in service","1970-01-01 05:00:00","1970-01-01 12:00:00","55.279821"," أبراج الإمارات","1","null","WIFI, Restrooms, Waiting Area, Air-conditioning, Shopping, Restaurants, Vending Machines, Elevator, Escalator","R23","1970-01-01 12:00:00","1970-01-01 05:00:00","25.217214","1970-01-01 05:00:00","1970-01-01 01:00:00","1970-01-01 05:00:00"
"1970-01-01 05:30:00","Transmittal","1970-01-01 05:30:00","1970-01-01 12:00:00","5","2011-09-09","1970-01-01 12:00:00","Green","1970-01-01 12:00:00","","Metro","محطة تحويل","null","1970-01-01 01:00:00","Union - Green Line","1970-01-01 05:30:00","","1970-01-01 05:30:00","1970-01-01 12:00:00","55.313902"," الاتحاد - الخط الأخضر","1","null","WIFI, Restrooms, Waiting Area, Air-conditioning, Shopping, Restaurants, Vending Machines, Elevator, Escalator","G20","1970-01-01 12:00:00","1970-01-01 05:30:00","25.266336","1970-01-01 05:30:00","1970-01-01 01:00:00","1970-01-01 10:00:00"
"1970-01-01 05:00:00","Elevated","1970-01-01 05:00:00","1970-01-01 12:00:00","6","2010-05-15","1970-01-01 12:00:00","Red","1970-01-01 12:00:00","","Metro","فوق الأرض","null","1970-01-01 01:00:00","World Trade Centre","1970-01-01 05:00:00","in service","1970-01-01 05:00:00","1970-01-01 12:00:00","55.285061"," المركز التجاري العالمي","1","null","WIFI, Restrooms, Waiting Area, Air-conditioning, Shopping, Restaurants, Vending Machines, Elevator, Escalator","R22","1970-01-01 12:00:00","1970-01-01 05:00:00","25.224829","1970-01-01 05:00:00","1970-01-01 01:00:00","1970-01-01 05:00:00"
"1970-01-01 10:00:00","","1970-01-01 10:00:00","1970-01-01 11:00:00","2","null","1970-01-01 11:00:00","BM1","1970-01-01 11:00:00","NO","Marine","","null","1970-01-01 12:00:00","Dubai Marina Mall (Water Bus) Marine Transport Station","1970-01-01 10:00:00","Working","1970-01-01 10:00:00","1970-01-01 11:00:00","55.14004","محطة دبي مارينا مول للنقل البحري","null","null","","28701","1970-01-01 11:00:00","1970-01-01 10:00:00","25.07764","1970-01-01 10:00:00","1970-01-01 11:00:00","1970-01-01 12:00:00"
"1970-01-01 06:00:00","Elevated","1970-01-01 06:00:00","1970-01-01 01:00:00","2","2014-11-11","1970-01-01 01:00:00","Tram","1970-01-01 01:00:00","","Tram","فوق الأرض","null","1970-01-01 01:00:00","Marina Towers","1970-01-01 06:00:00","","1970-01-01 06:00:00","1970-01-01 01:00:00","55.150051","أبراج المارينا","1","null","WIFI, Air-conditioning, Waiting Area (Without Seats)","T6","1970-01-01 01:00:00","1970-01-01 06:00:00","25.086642","1970-01-01 06:00:00","1970-01-01 01:00:00","1970-01-01 09:00:00"
"null","Underground","null","null","1","null","null","Route 2020","null","","Metro","تحت الأرض","null","null","Dubai Investment Park","null","not in service","null","null","55.155841","مجمع دبي للاستثمار","1","null","WIFI, Restrooms, Waiting Area, Air-conditioning, Shopping, Restaurants, Vending Machines, Elevator, Escalator","R74","null","null","25.005796","null","null","null"
"1970-01-01 06:00:00","Elevated","1970-01-01 06:00:00","1970-01-01 01:00:00","2","2014-11-11","1970-01-01 01:00:00","Tram","1970-01-01 01:00:00","","Tram","فوق الأرض","null","1970-01-01 01:00:00","Dubai Marina","1970-01-01 06:00:00","","1970-01-01 06:00:00","1970-01-01 01:00:00","55.14691","مرسى دبي","1","null","WIFI, Air-conditioning, Waiting Area (Without Seats)","T5","1970-01-01 01:00:00","1970-01-01 06:00:00","25.080804","1970-01-01 06:00:00","1970-01-01 01:00:00","1970-01-01 09:00:00"
"null","","null","null","3","null","null","","null","NO","Marine","","null","null","Global Village Marine Transport Station","null","Working","null","null","55.30828","محطة القرية العالمية للنقل البحري","null","null","","999998","null","null","25.07012","null","null","null"
"null","","null","null","2","null","null","","null","NO","Marine","","null","null","Port Rashid Marine Transport Station","null","NO","null","null","55.28928","محطة ميناء راشد للنقل البحري","null","null","","27701","null","null","25.27969","null","null","null"
"1970-01-01 12:00:00","","1970-01-01 12:00:00","1970-01-01 08:00:00","6","null","1970-01-01 08:00:00","DC1;FR1","1970-01-01 08:00:00","NO","Marine","","null","1970-01-01 12:00:00","Dubai Canal Marine Transport Station","1970-01-01 12:00:00","Working","1970-01-01 12:00:00","1970-01-01 08:00:00","55.23332","محطة قناة دبي للنقل البحري ","null","null","","29401","1970-01-01 08:00:00","1970-01-01 12:00:00","25.19826","1970-01-01 12:00:00","1970-01-01 08:00:00","1970-01-01 12:00:00"
"null","Underground","null","null","3","null","null","Route 2020","null","","Metro","تحت الأرض","null","null","Jumeirah Golf Estates","null","not in service","null","null","55.163351","عقارات جميرا للجولف","1","null","WIFI, Restrooms, Waiting Area, Air-conditioning, Shopping, Restaurants, Vending Machines, Elevator, Escalator","R73","null","null","25.017797","null","null","null"
"1970-01-01 06:00:00","Elevated","1970-01-01 06:00:00","1970-01-01 01:00:00","2","2014-11-11","1970-01-01 01:00:00","Tram","1970-01-01 01:00:00","","Tram","فوق الأرض","null","1970-01-01 01:00:00","Knowledge Village","1970-01-01 06:00:00","","1970-01-01 06:00:00","1970-01-01 01:00:00","55.161581","قرية المعرفة","1","null","WIFI, Air-conditioning, Waiting Area (Without Seats)","T10","1970-01-01 01:00:00","1970-01-01 06:00:00","25.104252","1970-01-01 06:00:00","1970-01-01 01:00:00","1970-01-01 09:00:00"
"null","Elevated","null","null","2","2009-09-09","null","Red","null","","Metro","فوق الأرض","null","null","Jabal Ali","null","not in service","null","null","55.127173","جبل علي","1","null","WIFI, Restrooms, Waiting Area, Air-conditioning, Shopping, Restaurants, Vending Machines, Elevator, Escalator","R38","null","null","25.057853","null","null","null"
"null","","null","null","2","null","null","","null","NO","Marine","","null","null","Jumeirah Beach Park Marine Transport Station","null","NO","null","null","55.2856","محطة حديقة شاطئ جميرا للنقل البحري","null","null","","27501","null","null","25.19296","null","null","null"
"1970-01-01 12:00:00","","1970-01-01 12:00:00","1970-01-01 12:00:00","5","null","1970-01-01 12:00:00","102; 320;11A; 11B; 20; 367; N30;11B; 44; 310; 320; F03; F05; F06; F10; F60; F61;310; F03;44; F05; F06;E311;E316;F10; F60; F61","1970-01-01 12:00:00","","BUS","","null","1970-01-01 12:00:00","Rashidiya Metro Bus Station","1970-01-01 12:00:00","","1970-01-01 12:00:00","1970-01-01 12:00:00","55.391597","محطة حافلات مترو الراشدية","8","null","","RMS","1970-01-01 12:00:00","1970-01-01 12:00:00","25.229364","1970-01-01 12:00:00","1970-01-01 12:00:00","1970-01-01 12:00:00"
"null","","null","null","2","null","null","","null","NO","Marine","","null","null","Atlantis Marine Transport Station","null","NO","null","null","55.11633","محطة أتلانتس للنقل البحري","null","null","","28001","null","null","25.12761","null","null","null"
"1970-01-01 05:30:00","Underground","1970-01-01 05:30:00","1970-01-01 12:00:00","5","2011-09-09","1970-01-01 12:00:00","Green","1970-01-01 12:00:00","","Metro","تحت الأرض","null","1970-01-01 01:00:00","Baniyas Square","1970-01-01 05:30:00","","1970-01-01 05:30:00","1970-01-01 12:00:00","55.307601"," بني ياس","1","null","WIFI, Restrooms, Waiting Area, Air-conditioning, Shopping, Restaurants, Vending Machines, Elevator, Escalator","G21","1970-01-01 12:00:00","1970-01-01 05:30:00","25.269416","1970-01-01 05:30:00","1970-01-01 01:00:00","1970-01-01 10:00:00"
"1970-01-01 11:00:00","","1970-01-01 11:00:00","1970-01-01 08:30:00","2","null","1970-01-01 08:30:00","FR1;FR4","1970-01-01 08:30:00","NO","Marine","","null","1970-01-01 08:30:00","Dubai Marina Mall Marine Transport Station","1970-01-01 11:00:00","Working","1970-01-01 11:00:00","1970-01-01 08:30:00","55.14004","محطة دبي مارينا مول للنقل البحري","null","null","","26501","1970-01-01 08:30:00","1970-01-01 11:00:00","25.07764","1970-01-01 11:00:00","1970-01-01 08:30:00","1970-01-01 11:00:00"
"1970-01-01 10:00:00","","1970-01-01 10:00:00","1970-01-01 10:00:00","6","null","1970-01-01 10:00:00","DC2","1970-01-01 10:00:00","NO","Marine","","null","1970-01-01 10:00:00","Marasi Marine Transport Station","1970-01-01 10:00:00","NO","1970-01-01 10:00:00","1970-01-01 10:00:00","55.27093","محطة مراسى للنقل البحري ","null","null","","30601","1970-01-01 10:00:00","1970-01-01 10:00:00","25.18234","1970-01-01 10:00:00","1970-01-01 10:00:00","1970-01-01 10:00:00"
"1970-01-01 05:30:00","Elevated","1970-01-01 05:30:00","1970-01-01 12:00:00","5","2011-09-09","1970-01-01 12:00:00","Green","1970-01-01 12:00:00","","Metro","فوق الأرض","null","1970-01-01 01:00:00","Abu Hail","1970-01-01 05:30:00","","1970-01-01 05:30:00","1970-01-01 12:00:00","55.346267"," أبوهيل","1","null","WIFI, Restrooms, Waiting Area, Air-conditioning, Shopping, Restaurants, Vending Machines, Elevator, Escalator","G17","1970-01-01 12:00:00","1970-01-01 05:30:00","25.275242","1970-01-01 05:30:00","1970-01-01 01:00:00","1970-01-01 10:00:00"
"1970-01-01 05:00:00","Elevated","1970-01-01 05:00:00","1970-01-01 12:00:00","6","2010-10-15","1970-01-01 12:00:00","Red","1970-01-01 12:00:00","","Metro","فوق الأرض","null","1970-01-01 01:00:00","Business Bay","1970-01-01 05:00:00","in service","1970-01-01 05:00:00","1970-01-01 12:00:00","55.260419"," الخليج التجاري","1","null","WIFI, Restrooms, Waiting Area, Air-conditioning, Shopping, Restaurants, Vending Machines, Elevator, Escalator","R26","1970-01-01 12:00:00","1970-01-01 05:00:00","25.191275","1970-01-01 05:00:00","1970-01-01 01:00:00","1970-01-01 05:00:00"
"1970-01-01 05:30:00","Elevated","1970-01-01 05:30:00","1970-01-01 12:00:00","5","2011-09-09","1970-01-01 12:00:00","Green","1970-01-01 12:00:00","","Metro","فوق الأرض","null","1970-01-01 01:00:00","Dubai Airport Free Zone","1970-01-01 05:30:00","","1970-01-01 05:30:00","1970-01-01 12:00:00","55.375009"," المنطقة الحرة بمطار دبي","1","null","WIFI, Restrooms, Waiting Area, Air-conditioning, Shopping, Restaurants, Vending Machines, Elevator, Escalator","G13","1970-01-01 12:00:00","1970-01-01 05:30:00","25.269929","1970-01-01 05:30:00","1970-01-01 01:00:00","1970-01-01 10:00:00"
"1970-01-01 07:00:00","","1970-01-01 07:00:00","1970-01-01 08:30:00","0","null","1970-01-01 08:30:00","FR5","1970-01-01 08:30:00","NO","Marine","","null","1970-01-01 11:30:00","Sharjah Aquarium Marine Station","1970-01-01 07:00:00","NO","1970-01-01 07:00:00","1970-01-01 08:30:00","55.35966","","null","null","","30701","1970-01-01 08:30:00","1970-01-01 07:00:00","25.33048","1970-01-01 07:00:00","1970-01-01 08:30:00","1970-01-01 02:00:00"
"1970-01-01 12:00:00","","1970-01-01 12:00:00","1970-01-01 12:00:00","5","null","1970-01-01 12:00:00","13A;13B;13D;32C;33;34;63E;97","1970-01-01 12:00:00","","BUS","","null","1970-01-01 12:00:00","Al Qusais; Bus Station","1970-01-01 12:00:00","","1970-01-01 12:00:00","1970-01-01 12:00:00","55.433192","محطة حافلات القصيص","8","null","","QSBS","1970-01-01 12:00:00","1970-01-01 12:00:00","25.265831","1970-01-01 12:00:00","1970-01-01 12:00:00","1970-01-01 12:00:00"
"1970-01-01 05:30:00","Elevated","1970-01-01 05:30:00","1970-01-01 12:00:00","6","2011-09-09","1970-01-01 12:00:00","Green","1970-01-01 12:00:00","","Metro","فوق الأرض","null","1970-01-01 01:00:00","Oud Metha","1970-01-01 05:30:00","in service","1970-01-01 05:30:00","1970-01-01 12:00:00","55.315957"," عود ميثاء","1","null","WIFI, Restrooms, Waiting Area, Air-conditioning, Shopping, Restaurants, Vending Machines, Elevator, Escalator","G27","1970-01-01 12:00:00","1970-01-01 05:30:00","25.243667","1970-01-01 05:30:00","1970-01-01 01:00:00","1970-01-01 10:00:00"
"1970-01-01 05:00:00","Elevated","1970-01-01 05:00:00","1970-01-01 12:00:00","5","2010-04-30","1970-01-01 12:00:00","Red","1970-01-01 12:00:00","","Metro","فوق الأرض","null","1970-01-01 01:00:00","Airport Terminal 1","1970-01-01 05:00:00","in service","1970-01-01 05:00:00","1970-01-01 12:00:00","55.352474"," المطار- مبنى رقم 1","1","null","WIFI, Restrooms, Waiting Area, Air-conditioning, Shopping, Restaurants, Vending Machines, Elevator, Escalator","R14","1970-01-01 12:00:00","1970-01-01 05:00:00","25.248428","1970-01-01 05:00:00","1970-01-01 01:00:00","1970-01-01 05:00:00"
"1970-01-01 05:00:00","Elevated","1970-01-01 05:00:00","1970-01-01 12:00:00","5","2010-04-30","1970-01-01 12:00:00","Red","1970-01-01 12:00:00","","Metro","فوق الأرض","null","1970-01-01 01:00:00","Emirates","1970-01-01 05:00:00","in service","1970-01-01 05:00:00","1970-01-01 12:00:00","55.365727"," طيران الإمارات","1","null","WIFI, Restrooms, Waiting Area, Air-conditioning, Shopping, Restaurants, Vending Machines, Elevator, Escalator","R12","1970-01-01 12:00:00","1970-01-01 05:00:00","25.241059","1970-01-01 05:00:00","1970-01-01 01:00:00","1970-01-01 05:00:00"
"1970-01-01 05:30:00","Elevated","1970-01-01 05:30:00","1970-01-01 12:00:00","5","2011-09-09","1970-01-01 12:00:00","Green","1970-01-01 12:00:00","","Metro","فوق الأرض","null","1970-01-01 01:00:00","Al Qusais","1970-01-01 05:30:00","","1970-01-01 05:30:00","1970-01-01 12:00:00","55.387476"," القصيص","1","null","WIFI, Restrooms, Waiting Area, Air-conditioning, Shopping, Restaurants, Vending Machines, Elevator, Escalator","G12","1970-01-01 12:00:00","1970-01-01 05:30:00","25.262659","1970-01-01 05:30:00","1970-01-01 01:00:00","1970-01-01 10:00:00"
"1970-01-01 05:00:00","Elevated","1970-01-01 05:00:00","1970-01-01 12:00:00","2","2013-09-30","1970-01-01 12:00:00","Red","1970-01-01 12:00:00","","Metro","فوق الأرض","null","1970-01-01 01:00:00","Energy","1970-01-01 05:00:00","in service","1970-01-01 05:00:00","1970-01-01 12:00:00","55.101247"," الطاقة","1","null","WIFI, Restrooms, Waiting Area, Air-conditioning, Shopping, Restaurants, Vending Machines, Elevator, Escalator","R40","1970-01-01 12:00:00","1970-01-01 05:00:00","25.026291","1970-01-01 05:00:00","1970-01-01 01:00:00","1970-01-01 05:00:00"
"null","","null","null","6","null","null","","null","NO","Marine","","null","null","Business Bay Marine Transport Station","null","NO","null","null","55.26014","محطة الخليج التجاري للنقل البحري ","null","null","","29901","null","null","25.18348","null","null","null"
"1970-01-01 05:00:00","Elevated","1970-01-01 05:00:00","1970-01-01 12:00:00","2","2009-09-09","1970-01-01 12:00:00","Red","1970-01-01 12:00:00","","Metro","فوق الأرض","null","1970-01-01 01:00:00","Mall of the Emirates","1970-01-01 05:00:00","in service","1970-01-01 05:00:00","1970-01-01 12:00:00","55.200443"," مول الإمارات","1","null","WIFI, Restrooms, Waiting Area, Air-conditioning, Shopping, Restaurants, Vending Machines, Elevator, Escalator","R32","1970-01-01 12:00:00","1970-01-01 05:00:00","25.121231","1970-01-01 05:00:00","1970-01-01 01:00:00","1970-01-01 05:00:00"
"1970-01-01 12:00:00","","1970-01-01 12:00:00","1970-01-01 12:00:00","5","null","1970-01-01 12:00:00","CR2;CR5","1970-01-01 12:00:00","NO","Marine","","null","1970-01-01 12:00:00","Al Sabkha Marine Transport Station","1970-01-01 12:00:00","Working","1970-01-01 12:00:00","1970-01-01 12:00:00","55.30302","محطة السبخة للنقل البحري","null","null","","25801","1970-01-01 12:00:00","1970-01-01 12:00:00","25.26731","1970-01-01 12:00:00","1970-01-01 12:00:00","1970-01-01 12:00:00"
"1970-01-01 05:30:00","Underground","1970-01-01 05:30:00","1970-01-01 12:00:00","5","2011-09-09","1970-01-01 12:00:00","Green","1970-01-01 12:00:00","","Metro","تحت الأرض","null","1970-01-01 01:00:00","Salah Al Din","1970-01-01 05:30:00","","1970-01-01 05:30:00","1970-01-01 12:00:00","55.320668"," صلاح الدين","1","null","WIFI, Restrooms, Waiting Area, Air-conditioning, Shopping, Restaurants, Vending Machines, Elevator, Escalator","G19","1970-01-01 12:00:00","1970-01-01 05:30:00","25.270345","1970-01-01 05:30:00","1970-01-01 01:00:00","1970-01-01 10:00:00"
"1970-01-01 05:13:00","Elevated","1970-01-01 05:00:00","1970-01-01 12:00:00","5","2009-09-09","1970-01-01 12:00:00","Red","1970-01-01 12:00:00","","Metro","فوق الأرض","null","1970-01-01 01:00:00","Rashidiya","1970-01-01 05:00:00","in service","1970-01-01 05:00:00","1970-01-01 12:00:00","55.391198"," الراشدية","1","null","WIFI, Restrooms, Waiting Area, Air-conditioning, Shopping, Restaurants, Vending Machines, Elevator, Escalator","R11","1970-01-01 12:00:00","1970-01-01 05:00:00","25.230223","1970-01-01 05:00:00","1970-01-01 01:00:00","1970-01-01 05:00:00"
"1970-01-01 12:00:00","","1970-01-01 12:00:00","1970-01-01 12:00:00","6","null","1970-01-01 12:00:00","C03;E304;X25","1970-01-01 12:00:00","","BUS","","null","1970-01-01 12:00:00","Al Karama Bus Station","1970-01-01 12:00:00","","1970-01-01 12:00:00","1970-01-01 12:00:00","55.302999","محطة حافلات الكرامة","3","null","","AKBS","1970-01-01 12:00:00","1970-01-01 12:00:00","25.237982","1970-01-01 12:00:00","1970-01-01 12:00:00","1970-01-01 12:00:00"
"1970-01-01 06:00:00","Elevated","1970-01-01 06:00:00","1970-01-01 01:00:00","2","2014-11-11","1970-01-01 01:00:00","Tram","1970-01-01 01:00:00","","Tram","فوق الأرض","null","1970-01-01 01:00:00","Jumeirah Lakes Towers","1970-01-01 06:00:00","","1970-01-01 06:00:00","1970-01-01 01:00:00","55.137764","أبراج بحيرات جميرا","1","null","WIFI, Air-conditioning, Waiting Area (Without Seats)","T3","1970-01-01 01:00:00","1970-01-01 06:00:00","25.07148","1970-01-01 06:00:00","1970-01-01 01:00:00","1970-01-01 09:00:00"
"1970-01-01 12:00:00","","1970-01-01 12:00:00","1970-01-01 12:00:00","1","null","1970-01-01 12:00:00","91;91A;99;E304;X13","1970-01-01 12:00:00","","BUS","","null","1970-01-01 12:00:00","Jebel Ali; Bus Station","1970-01-01 12:00:00","","1970-01-01 12:00:00","1970-01-01 12:00:00","55.044931","محطة حافلات جبل علي","3","null","","JAB","1970-01-01 12:00:00","1970-01-01 12:00:00","24.968848","1970-01-01 12:00:00","1970-01-01 12:00:00","1970-01-01 12:00:00"
"null","","null","null","2","null","null","","null","NO","Marine","","null","null","One & Only The Palm Marine Transport Station","null","NO","null","null","55.13599","محطة ون أند ونلي بالم للنقل البحري","null","null","","28301","null","null","25.09927","null","null","null"
"1970-01-01 05:30:00","Elevated","1970-01-01 05:30:00","1970-01-01 12:00:00","5","2011-09-09","1970-01-01 12:00:00","Green","1970-01-01 12:00:00","","Metro","فوق الأرض","null","1970-01-01 01:00:00","Stadium","1970-01-01 05:30:00","","1970-01-01 05:30:00","1970-01-01 12:00:00","55.36158"," الاستاد","1","null","WIFI, Restrooms, Waiting Area, Air-conditioning, Shopping, Restaurants, Vending Machines, Elevator, Escalator","G15","1970-01-01 12:00:00","1970-01-01 05:30:00","25.277802","1970-01-01 05:30:00","1970-01-01 01:00:00","1970-01-01 10:00:00"
"1970-01-01 12:00:00","","1970-01-01 12:00:00","1970-01-01 12:00:00","5","null","1970-01-01 12:00:00","103;10X; X02;C07;E303;E400;E700;F01;F04A","1970-01-01 12:00:00","","BUS","","null","1970-01-01 12:00:00","Union Square Bus Station","1970-01-01 12:00:00","","1970-01-01 12:00:00","1970-01-01 12:00:00","55.311668","محطة حافلات ميدان الإتحاد","8","null","","USR","1970-01-01 12:00:00","1970-01-01 12:00:00","25.265997","1970-01-01 12:00:00","1970-01-01 12:00:00","1970-01-01 12:00:00"
"null","","null","null","5","null","null","","null","NO","Marine","","null","null","Al Mamzar Marine Transport Station","null","NO","null","null","55.34804","محطة الممزر للنقل البحري","null","null","","28901","null","null","25.31298","null","null","null"
"1970-01-01 10:00:00","","1970-01-01 10:00:00","1970-01-01 10:00:00","6","null","1970-01-01 10:00:00","DC1;DC2","1970-01-01 10:00:00","NO","Marine","","null","1970-01-01 10:00:00","Alwajeha Al Maeyah Marine Transport Station","1970-01-01 10:00:00","NO","1970-01-01 10:00:00","1970-01-01 10:00:00","55.28458","محطة الواجهة المائية للنقل البحري  ","null","null","","30501","1970-01-01 10:00:00","1970-01-01 10:00:00","25.1878","1970-01-01 10:00:00","1970-01-01 10:00:00","1970-01-01 10:00:00"
"1970-01-01 05:00:00","","1970-01-01 05:00:00","1970-01-01 12:00:00","5","null","1970-01-01 12:00:00","CR1","1970-01-01 12:00:00","NO","Marine","","null","1970-01-01 12:00:00","Deira Old Souq Marine Transport Station","1970-01-01 05:00:00","Working","1970-01-01 05:00:00","1970-01-01 12:00:00","55.29788","محطة سوق ديرة القديم للنقل البحري","null","null","","25601","1970-01-01 12:00:00","1970-01-01 05:00:00","25.26716","1970-01-01 05:00:00","1970-01-01 12:00:00","1970-01-01 05:00:00"
"1970-01-01 07:00:00","","1970-01-01 07:00:00","1970-01-01 11:00:00","5","null","1970-01-01 11:00:00","CR3;CR6","1970-01-01 11:00:00","NO","Marine","","null","1970-01-01 01:00:00","Baniyas Marine Transport Station","1970-01-01 07:00:00","Working","1970-01-01 07:00:00","1970-01-01 11:00:00","55.31157","محطة بني ياس للنقل البحري","null","null","","25901","1970-01-01 11:00:00","1970-01-01 07:00:00","25.26265","1970-01-01 07:00:00","1970-01-01 11:00:00","1970-01-01 10:00:00"
"1970-01-01 05:00:00","","1970-01-01 05:00:00","1970-01-01 12:00:00","6","null","1970-01-01 12:00:00","CR1","1970-01-01 12:00:00","NO","Marine","","null","1970-01-01 12:00:00","Bur Dubai Marine Transport Station","1970-01-01 05:00:00","Working","1970-01-01 05:00:00","1970-01-01 12:00:00","55.29334","محطة بر دبي للنقل البحري","null","null","","25701","1970-01-01 12:00:00","1970-01-01 05:00:00","25.26469","1970-01-01 05:00:00","1970-01-01 12:00:00","1970-01-01 05:00:00"
"1970-01-01 05:00:00","Elevated","1970-01-01 05:00:00","1970-01-01 12:00:00","6","2010-01-03","1970-01-01 12:00:00","Red","1970-01-01 12:00:00","","Metro","فوق الأرض","null","1970-01-01 01:00:00","Burj Khalifa / Dubai Mall","1970-01-01 05:00:00","in service","1970-01-01 05:00:00","1970-01-01 12:00:00","55.269518"," برج خليفة/دبي مول","1","null","WIFI, Restrooms, Waiting Area, Air-conditioning, Shopping, Restaurants, Vending Machines, Elevator, Escalator","R25","1970-01-01 12:00:00","1970-01-01 05:00:00","25.201401","1970-01-01 05:00:00","1970-01-01 01:00:00","1970-01-01 05:00:00"
"null","Elevated","null","null","2","null","null","Route 2020","null","","Metro","فوق الأرض","null","null","Al Furjan","null","","null","null","55.152193","الفرجان","1","null","WIFI, Restrooms, Waiting Area, Air-conditioning, Shopping, Restaurants, Vending Machines, Elevator, Escalator","R72","null","null","25.030452","null","null","null"
"1970-01-01 12:00:00","","1970-01-01 12:00:00","1970-01-01 12:00:00","6","null","1970-01-01 12:00:00","12; 104;15;21;29;33;44;61; 61D;66;67;8; C07; X13;8; X13;83;9;91;93;95;C05;E100;E201;E306;N55;X92","1970-01-01 12:00:00","","BUS","","null","1970-01-01 12:00:00","Al Ghubaiba Bus Station","1970-01-01 12:00:00","","1970-01-01 12:00:00","1970-01-01 12:00:00","55.288315","محطة حافلات الغبيبة","22","null","","GBS","1970-01-01 12:00:00","1970-01-01 12:00:00","25.263113","1970-01-01 12:00:00","1970-01-01 12:00:00","1970-01-01 12:00:00"
"1970-01-01 12:00:00","","1970-01-01 12:00:00","1970-01-01 12:00:00","2","null","1970-01-01 12:00:00","105; 106; J01;81; F33;93; F35;F30; F32;F36; F37","1970-01-01 12:00:00","","BUS","","null","1970-01-01 12:00:00","Mall of the Emirates Metro Bus Station","1970-01-01 12:00:00","","1970-01-01 12:00:00","1970-01-01 12:00:00","55.199993","محطة حافلات مترو الامارات","5","null","","MEMS","1970-01-01 12:00:00","1970-01-01 12:00:00","25.120191","1970-01-01 12:00:00","1970-01-01 12:00:00","1970-01-01 12:00:00"
"1970-01-01 10:00:00","","1970-01-01 10:00:00","1970-01-01 10:45:00","2","null","1970-01-01 10:45:00","BM1","1970-01-01 10:45:00","NO","Marine","","null","1970-01-01 11:30:00","Marina Terrace Marine Transport Station","1970-01-01 10:00:00","Working","1970-01-01 10:00:00","1970-01-01 10:45:00","55.14533","محطة مارينا تيراس للنقل البحري","null","null","","26101","1970-01-01 10:45:00","1970-01-01 10:00:00","25.08531","1970-01-01 10:00:00","1970-01-01 10:00:00","1970-01-01 12:00:00"
"null","","null","null","2","null","null","","null","NO","Marine","","null","null","One & Only Royal Mirage Marine Transport Station","null","NO","null","null","55.15015","محطة ون أند ونلي رويال ميراج للنقل البحري","null","null","","28201","null","null","25.09738","null","null","null"
"1970-01-01 06:00:00","Elevated","1970-01-01 06:00:00","1970-01-01 01:00:00","2","2014-11-11","1970-01-01 01:00:00","Tram","1970-01-01 01:00:00","","Tram","فوق الأرض","null","1970-01-01 01:00:00","Media City","1970-01-01 06:00:00","","1970-01-01 06:00:00","1970-01-01 01:00:00","55.151984","مدينة دبي للإعلام","1","null","WIFI, Air-conditioning, Waiting Area (Without Seats)","T8","1970-01-01 01:00:00","1970-01-01 06:00:00","25.0945","1970-01-01 06:00:00","1970-01-01 01:00:00","1970-01-01 09:00:00"
"1970-01-01 05:00:00","Elevated","1970-01-01 05:00:00","1970-01-01 12:00:00","2","2010-05-15","1970-01-01 12:00:00","Red","1970-01-01 12:00:00","","Metro","فوق الأرض","null","1970-01-01 01:00:00","Al Safa","1970-01-01 05:00:00","in service","1970-01-01 05:00:00","1970-01-01 12:00:00","55.228509","الصفا","1","null","WIFI, Restrooms, Waiting Area, Air-conditioning, Shopping, Restaurants, Vending Machines, Elevator, Escalator","R29","1970-01-01 12:00:00","1970-01-01 05:00:00","25.155727","1970-01-01 05:00:00","1970-01-01 01:00:00","1970-01-01 05:00:00"
"1970-01-01 12:00:00","","1970-01-01 12:00:00","1970-01-01 12:00:00","5","null","1970-01-01 12:00:00","F23; F23A","1970-01-01 12:00:00","","BUS","","null","1970-01-01 12:00:00","Stadium Metro Station 2A","1970-01-01 12:00:00","","1970-01-01 12:00:00","1970-01-01 12:00:00","55.361312","محطت مترو ستاد أ 2","1","null","","SMS2A","1970-01-01 12:00:00","1970-01-01 12:00:00","25.279102","1970-01-01 12:00:00","1970-01-01 12:00:00","1970-01-01 12:00:00"
"1970-01-01 10:00:00","","1970-01-01 10:00:00","1970-01-01 10:45:00","2","null","1970-01-01 10:45:00","BM1","1970-01-01 10:45:00","NO","Marine","","null","1970-01-01 11:30:00","Marina Walk Marine Transport Station ","1970-01-01 10:00:00","Working","1970-01-01 10:00:00","1970-01-01 10:45:00","55.14776","محطة دبي مارينا للنقل البحري","null","null","","26601","1970-01-01 10:45:00","1970-01-01 10:00:00","25.08526","1970-01-01 10:00:00","1970-01-01 10:00:00","1970-01-01 12:00:00"
"1970-01-01 12:00:00","","1970-01-01 12:00:00","1970-01-01 12:00:00","5","null","1970-01-01 12:00:00","31;34;367;E315;E411;F02;F07;GL01; GL10; GL12; GL13; GL14; GL16","1970-01-01 12:00:00","","BUS","","null","1970-01-01 12:00:00","Etisalat Metro Bus Station","1970-01-01 12:00:00","","1970-01-01 12:00:00","1970-01-01 12:00:00","55.402421","محطة حافلات مترو اتصالات","8","null","","EMS","1970-01-01 12:00:00","1970-01-01 12:00:00","25.256025","1970-01-01 12:00:00","1970-01-01 12:00:00","1970-01-01 12:00:00"
"null","","null","null","2","null","null","","null","NO","Marine","","null","null","Jumeirah Marine Transport station","null","NO","null","null","55.24113","محطة جميرا للنقل البحري ","null","null","","29501","null","null","25.19371","null","null","null"
"1970-01-01 05:00:00","Elevated","1970-01-01 05:00:00","1970-01-01 12:00:00","5","2009-09-09","1970-01-01 12:00:00","Red","1970-01-01 12:00:00","","Metro","فوق الأرض","null","1970-01-01 01:00:00","Airport Terminal 3","1970-01-01 05:00:00","in service","1970-01-01 05:00:00","1970-01-01 12:00:00","55.359526"," المطار- مبنى رقم 3","1","null","WIFI, Restrooms, Waiting Area, Air-conditioning, Shopping, Restaurants, Vending Machines, Elevator, Escalator","R13","1970-01-01 12:00:00","1970-01-01 05:00:00","25.245013","1970-01-01 05:00:00","1970-01-01 01:00:00","1970-01-01 05:00:00"
"1970-01-01 07:00:00","","1970-01-01 07:00:00","1970-01-01 11:30:00","6","null","1970-01-01 11:30:00","BM2;DC1","1970-01-01 11:30:00","YES","Marine","","null","1970-01-01 12:00:00","Al Jaddaf Marine Transport Station","1970-01-01 07:00:00","Working","1970-01-01 07:00:00","1970-01-01 11:30:00","55.34098","محطة الجداف للنقل البحري","null","null","AC;Rest room;vending","27301","1970-01-01 11:30:00","1970-01-01 07:00:00","25.21624","1970-01-01 07:00:00","1970-01-01 11:30:00","1970-01-01 08:00:00"
"1970-01-01 12:00:00","","1970-01-01 12:00:00","1970-01-01 12:00:00","5","null","1970-01-01 12:00:00","8;95;C28;X64","1970-01-01 12:00:00","","BUS","","null","1970-01-01 12:00:00","Al Baraha Bus Station","1970-01-01 12:00:00","","1970-01-01 12:00:00","1970-01-01 12:00:00","55.312261","محطة حافلات البراحة","4","null","","ABBS","1970-01-01 12:00:00","1970-01-01 12:00:00","25.279346","1970-01-01 12:00:00","1970-01-01 12:00:00","1970-01-01 12:00:00"
"1970-01-01 12:00:00","","1970-01-01 12:00:00","1970-01-01 12:00:00","5","null","1970-01-01 12:00:00","13; 13A; 17; 20; 22; 64; C18; X28;17; 22; 64; C18; F21; F22; F24","1970-01-01 12:00:00","","BUS","","null","1970-01-01 12:00:00","Stadium Metro Bus Stop","1970-01-01 12:00:00","","1970-01-01 12:00:00","1970-01-01 12:00:00","55.3628","محطة مترو الإستاد","2","null","","SMS","1970-01-01 12:00:00","1970-01-01 12:00:00","25.27671","1970-01-01 12:00:00","1970-01-01 12:00:00","1970-01-01 12:00:00"
"1970-01-01 12:00:00","","1970-01-01 12:00:00","1970-01-01 12:00:00","5","null","1970-01-01 12:00:00","13","1970-01-01 12:00:00","","BUS","","null","1970-01-01 12:00:00","Al Qusais; Bus Station External","1970-01-01 12:00:00","","1970-01-01 12:00:00","1970-01-01 12:00:00","55.432865","محطة حافلات القصيص الخارجية","2","null","","QBSE","1970-01-01 12:00:00","1970-01-01 12:00:00","25.265902","1970-01-01 12:00:00","1970-01-01 12:00:00","1970-01-01 12:00:00"
"1970-01-01 12:00:00","","1970-01-01 12:00:00","1970-01-01 12:00:00","6","null","1970-01-01 12:00:00","F27","1970-01-01 12:00:00","","BUS","","null","1970-01-01 12:00:00","Al Jafiliya Bus Station","1970-01-01 12:00:00","","1970-01-01 12:00:00","1970-01-01 12:00:00","55.291622","محطة حافلات الجافلية","5","null","","JBS","1970-01-01 12:00:00","1970-01-01 12:00:00","25.232024","1970-01-01 12:00:00","1970-01-01 12:00:00","1970-01-01 12:00:00"
"1970-01-01 05:30:00","Elevated","1970-01-01 05:30:00","1970-01-01 12:00:00","6","2014-03-01","1970-01-01 12:00:00","Green","1970-01-01 12:00:00","","Metro","فوق الأرض","null","1970-01-01 01:00:00","Creek","1970-01-01 05:30:00","in service","1970-01-01 05:30:00","1970-01-01 12:00:00","55.338953"," الخور ","1","null","WIFI, Restrooms, Waiting Area, Air-conditioning, Shopping, Restaurants, Vending Machines, Elevator, Escalator","G30","1970-01-01 12:00:00","1970-01-01 05:30:00","25.218949","1970-01-01 05:30:00","1970-01-01 01:00:00","1970-01-01 10:00:00"
"1970-01-01 05:00:00","Elevated","1970-01-01 05:00:00","1970-01-01 12:00:00","2","2010-10-15","1970-01-01 12:00:00","Red","1970-01-01 12:00:00","","Metro","فوق الأرض","null","1970-01-01 01:00:00","DMCC","1970-01-01 05:00:00","in service","1970-01-01 05:00:00","1970-01-01 12:00:00","55.138673","مركز دبي للسلع المتعددة","1","null","WIFI, Restrooms, Waiting Area, Air-conditioning, Shopping, Restaurants, Vending Machines, Elevator, Escalator","R37","1970-01-01 12:00:00","1970-01-01 05:00:00","25.070824","1970-01-01 05:00:00","1970-01-01 01:00:00","1970-01-01 05:00:00"
"null","","null","null","6","null","null","","null","NO","Marine","","null","null","Al Boom tourist village Marine Transport Station","null","NO","null","null","55.33504","محطة قرية البوم السياحية للنقل البحري","null","null","","27201","null","null","25.23279","null","null","null"
"null","","null","null","6","null","null","","null","NO","Marine","","null","null","Creek Park B Marine Transport Station","null","NO","null","null","55.32483","محطة حديقة الخور – ب للنقل البحري","null","null","","27101","null","null","25.24712","null","null","null"
"1970-01-01 05:30:00","Underground","1970-01-01 05:30:00","1970-01-01 12:00:00","5","2011-09-09","1970-01-01 12:00:00","Green","1970-01-01 12:00:00","","Metro","تحت الأرض","null","1970-01-01 01:00:00","Gold Souq","1970-01-01 05:30:00","in service","1970-01-01 05:30:00","1970-01-01 12:00:00","55.301778","سوق الذهب","1","null","WIFI, Restrooms, Waiting Area, Air-conditioning, Shopping, Restaurants, Vending Machines, Elevator, Escalator","G22","1970-01-01 12:00:00","1970-01-01 05:30:00","25.276196","1970-01-01 05:30:00","1970-01-01 01:00:00","1970-01-01 10:00:00"
"1970-01-01 12:00:00","","1970-01-01 12:00:00","1970-01-01 12:00:00","5","null","1970-01-01 12:00:00","10;91A;53;43;64A;X94;27;64;13B;13;13A;13D;X23;C05;11A;C04;95","1970-01-01 12:00:00","","BUS","","null","1970-01-01 12:00:00","Gold Souq Bus Station","1970-01-01 12:00:00","","1970-01-01 12:00:00","1970-01-01 12:00:00","55.302367","محطة حافلات سوق الذهب","14","null","","GSBS","1970-01-01 12:00:00","1970-01-01 12:00:00","25.275897","1970-01-01 12:00:00","1970-01-01 12:00:00","1970-01-01 12:00:00"
"1970-01-01 05:00:00","Elevated","1970-01-01 05:00:00","1970-01-01 12:00:00","1","2012-12-12","1970-01-01 12:00:00","Red","1970-01-01 12:00:00","","Metro","فوق الأرض","null","1970-01-01 01:00:00","Danube","1970-01-01 05:00:00","in service","1970-01-01 05:00:00","1970-01-01 12:00:00","55.095698"," دانوب","1","null","WIFI, Restrooms, Waiting Area, Air-conditioning, Shopping, Restaurants, Vending Machines, Elevator, Escalator","R41","1970-01-01 12:00:00","1970-01-01 05:00:00","25.001291","1970-01-01 05:00:00","1970-01-01 01:00:00","1970-01-01 05:00:00"
"null","","null","null","2","null","null","","null","NO","Marine","","null","null","Anantara The Palm  Dubai Resort Marine Transport Station","null","NO","null","null","55.15147","محطة منتجع انانتارا النخلة دبي للنقل البحري","null","null","","30401","null","null","25.13084","null","null","null"
"1970-01-01 12:00:00","","1970-01-01 12:00:00","1970-01-01 09:30:00","6","null","1970-01-01 09:30:00","DC1","1970-01-01 09:30:00","NO","Marine","","null","1970-01-01 12:00:00","Dubai Design District Marine Transport station","1970-01-01 12:00:00","NO","1970-01-01 12:00:00","1970-01-01 09:30:00","55.2986","محطة حي دبي للتصميم للنقل البحري ","null","null","","30201","1970-01-01 09:30:00","1970-01-01 12:00:00","25.19123","1970-01-01 12:00:00","1970-01-01 09:30:00","1970-01-01 12:00:00"
"null","","null","null","5","null","null","","null","NO","Marine","","null","null","Waterfront Market Marine Transport Station","null","NO","null","null","55.32217","محطة ماركت الواجهة البحرية للنقل البحري ","null","null","","30301","null","null","25.29192","null","null","null"
"null","","null","null","2","null","null","","null","NO","Marine","","null","null","Waldorf Astoria Dubai Palm Jumeirah Marine Transport Station","null","NO","null","null","55.14998","محطة والدورف أستوريا دبى نخلة الجميرا للنقل البحري","null","null","","28601","null","null","25.13336","null","null","null"
"1970-01-01 12:00:00","","1970-01-01 12:00:00","1970-01-01 12:00:00","6","null","1970-01-01 12:00:00","32C; N55;55; C09;C01; X02;E304;X13","1970-01-01 12:00:00","","BUS","","null","1970-01-01 12:00:00","Satwa; Bus Station","1970-01-01 12:00:00","","1970-01-01 12:00:00","1970-01-01 12:00:00","55.273857","محطة حافلات السطوة","5","null","","SWBS","1970-01-01 12:00:00","1970-01-01 12:00:00","25.227864","1970-01-01 12:00:00","1970-01-01 12:00:00","1970-01-01 12:00:00"
"null","","null","null","2","null","null","","null","NO","Marine","","null","null","Mina Syahi Marine Transport Station","null","NO","null","null","55.14334","محطة الميناء السياحي للنقل البحري","null","null","","28101","null","null","25.09339","null","null","null"
"1970-01-01 05:00:00","Elevated","1970-01-01 05:00:00","1970-01-01 12:00:00","2","2010-04-30","1970-01-01 12:00:00","Red","1970-01-01 12:00:00","","Metro","فوق الأرض","null","1970-01-01 01:00:00","Dubai Marina","1970-01-01 05:00:00","in service","1970-01-01 05:00:00","1970-01-01 12:00:00","55.147523","دبي مارينا","1","null","WIFI, Restrooms, Waiting Area, Air-conditioning, Shopping, Restaurants, Vending Machines, Elevator, Escalator","R36","1970-01-01 12:00:00","1970-01-01 05:00:00","25.079929","1970-01-01 05:00:00","1970-01-01 01:00:00","1970-01-01 05:00:00"
"1970-01-01 12:00:00","","1970-01-01 12:00:00","1970-01-01 12:00:00","5","null","1970-01-01 12:00:00","CR2;CR3","1970-01-01 12:00:00","NO","Marine","","null","1970-01-01 12:00:00","Dubai Old Souq Marine Transport Station ","1970-01-01 12:00:00","NO","1970-01-01 12:00:00","1970-01-01 12:00:00","55.2952","محطة سوق دبي القديم للنقل البحري ","null","null","","28801","1970-01-01 12:00:00","1970-01-01 12:00:00","25.2649","1970-01-01 12:00:00","1970-01-01 12:00:00","1970-01-01 12:00:00"
"1970-01-01 12:00:00","","1970-01-01 12:00:00","1970-01-01 12:00:00","5","null","1970-01-01 12:00:00","","1970-01-01 12:00:00","","BUS","","null","1970-01-01 12:00:00","Rashidiya Metro Bus Parking","1970-01-01 12:00:00","","1970-01-01 12:00:00","1970-01-01 12:00:00","55.392125","موقف محطة مترو الراشدية","1","null","","RMSP","1970-01-01 12:00:00","1970-01-01 12:00:00","25.229417","1970-01-01 12:00:00","1970-01-01 12:00:00","1970-01-01 12:00:00"
"1970-01-01 10:00:00","","1970-01-01 10:00:00","1970-01-01 10:00:00","6","null","1970-01-01 10:00:00","DC1;DC2;TR6","1970-01-01 10:00:00","NO","Marine","","null","1970-01-01 10:00:00","Shiekh Zayed Road Marine Transport Station","1970-01-01 10:00:00","Working","1970-01-01 10:00:00","1970-01-01 10:00:00","55.2518","محطة شارع الشيخ زايد للنقل البحري ","null","null","","29801","1970-01-01 10:00:00","1970-01-01 10:00:00","25.18652","1970-01-01 10:00:00","1970-01-01 10:00:00","1970-01-01 10:00:00"
"1970-01-01 05:30:00","Elevated","1970-01-01 05:30:00","1970-01-01 12:00:00","6","2014-03-01","1970-01-01 12:00:00","Green","1970-01-01 12:00:00","","Metro","فوق الأرض","null","1970-01-01 01:00:00","Al Jadaf","1970-01-01 05:30:00","","1970-01-01 05:30:00","1970-01-01 12:00:00","55.333673"," الجداف","1","null","WIFI, Restrooms, Waiting Area, Air-conditioning, Shopping, Restaurants, Vending Machines, Elevator, Escalator","G29","1970-01-01 12:00:00","1970-01-01 05:30:00","25.224978","1970-01-01 05:30:00","1970-01-01 01:00:00","1970-01-01 10:00:00"
"1970-01-01 12:00:00","","1970-01-01 12:00:00","1970-01-01 12:00:00","2","null","1970-01-01 12:00:00","8;85; F42; F43;95; 95A;DPR1; F46;E101;E102;F44; F55; N55","1970-01-01 12:00:00","","BUS","","null","1970-01-01 12:00:00","Ibn Battuta  Metro Bus Station","1970-01-01 12:00:00","","1970-01-01 12:00:00","1970-01-01 12:00:00","55.117205","محطة حافلات مترو ابن بطوطه","7","null","","IBMS","1970-01-01 12:00:00","1970-01-01 12:00:00","25.045681","1970-01-01 12:00:00","1970-01-01 12:00:00","1970-01-01 12:00:00"
"1970-01-01 10:00:00","","1970-01-01 10:00:00","1970-01-01 10:00:00","6","null","1970-01-01 10:00:00","DC1","1970-01-01 10:00:00","NO","Marine","","null","1970-01-01 10:00:00","Godolphin Marine Transport Station","1970-01-01 10:00:00","NO","1970-01-01 10:00:00","1970-01-01 10:00:00","55.25612","محطة جودولفين للنقل البحري","null","null","","26701","1970-01-01 10:00:00","1970-01-01 10:00:00","25.18462","1970-01-01 10:00:00","1970-01-01 10:00:00","1970-01-01 10:00:00"
"1970-01-01 05:00:00","Underground","1970-01-01 05:00:00","1970-01-01 12:00:00","5","2009-09-09","1970-01-01 12:00:00","Red","1970-01-01 12:00:00","","Metro","تحت الأرض","null","1970-01-01 01:00:00","Deira City Centre","1970-01-01 05:00:00","in service","1970-01-01 05:00:00","1970-01-01 12:00:00","55.330077"," ديرة سيتي سنتر","1","null","WIFI, Restrooms, Waiting Area, Air-conditioning, Shopping, Restaurants, Vending Machines, Elevator, Escalator","R16","1970-01-01 12:00:00","1970-01-01 05:00:00","25.254304","1970-01-01 05:00:00","1970-01-01 01:00:00","1970-01-01 05:00:00"
"1970-01-01 05:00:00","Elevated","1970-01-01 05:00:00","1970-01-01 12:00:00","1","2011-03-11","1970-01-01 12:00:00","Red","1970-01-01 12:00:00","","Metro","فوق الأرض","null","1970-01-01 01:00:00","UAE Exchange","1970-01-01 05:00:00","in service","1970-01-01 05:00:00","1970-01-01 12:00:00","55.091041","الإمارات العربية المتحدة للصرافة","1","null","WIFI, Restrooms, Waiting Area, Air-conditioning, Shopping, Restaurants, Vending Machines, Elevator, Escalator","R42","1970-01-01 12:00:00","1970-01-01 05:00:00","24.977524","1970-01-01 05:00:00","1970-01-01 01:00:00","1970-01-01 05:00:00"
"1970-01-01 12:00:00","","1970-01-01 12:00:00","1970-01-01 12:00:00","5","null","1970-01-01 12:00:00","E16;17;E303A","1970-01-01 12:00:00","","BUS","","null","1970-01-01 12:00:00","Sabkha; Bus Station","1970-01-01 12:00:00","","1970-01-01 12:00:00","1970-01-01 12:00:00","55.302904","محطة حافلات السبخة","3","null","","SAB","1970-01-01 12:00:00","1970-01-01 12:00:00","25.269849","1970-01-01 12:00:00","1970-01-01 12:00:00","1970-01-01 12:00:00"
"null","","null","null","6","null","null","","null","NO","Marine","","null","null","Dubai Creek Golf & Yacht club Marine Transport Station","null","NO","null","null","55.33218","محطة نادي خور دبي للجولف واليخوت للنقل البحري","null","null","","26801","null","null","25.24248","null","null","null"
"1970-01-01 05:00:00","Underground","1970-01-01 05:00:00","1970-01-01 12:00:00","5","2009-09-09","1970-01-01 12:00:00","Red","1970-01-01 12:00:00","","Metro","تحت الأرض","null","1970-01-01 01:00:00","Al Rigga","1970-01-01 05:00:00","in service","1970-01-01 05:00:00","1970-01-01 12:00:00","55.324123"," الرقة","1","null","WIFI, Restrooms, Waiting Area, Air-conditioning, Shopping, Restaurants, Vending Machines, Elevator, Escalator","R17","1970-01-01 12:00:00","1970-01-01 05:00:00","25.263261","1970-01-01 05:00:00","1970-01-01 01:00:00","1970-01-01 05:00:00"
"null","","null","null","2","null","null","","null","NO","Marine","","null","null","Rixos Hotel Marine Transport Station","null","NO","null","null","55.15263","محطة فندق ريكسوس للنقل البحري","null","null","","28401","null","null","25.12019","null","null","null"
"null","","null","null","2","null","null","","null","NO","Marine","","null","null","Sofitel Resort The Palm Marine Transport Station","null","NO","null","null","55.1318","محطة منتجع سوفيتيل النخلة للنقل البحري","null","null","","28501","null","null","25.1386","null","null","null"
"1970-01-01 05:30:00","Underground","1970-01-01 05:30:00","1970-01-01 12:00:00","5","2011-09-09","1970-01-01 12:00:00","Green","1970-01-01 12:00:00","","Metro","تحت الأرض","null","1970-01-01 01:00:00","Al Ras","1970-01-01 05:30:00","in service","1970-01-01 05:30:00","1970-01-01 12:00:00","55.293728"," الراس","1","null","WIFI, Restrooms, Waiting Area, Air-conditioning, Shopping, Restaurants, Vending Machines, Elevator, Escalator","G23","1970-01-01 12:00:00","1970-01-01 05:30:00","25.268862","1970-01-01 05:30:00","1970-01-01 01:00:00","1970-01-01 10:00:00"
"1970-01-01 05:00:00","Elevated","1970-01-01 05:00:00","1970-01-01 12:00:00","2","2010-10-15","1970-01-01 12:00:00","Red","1970-01-01 12:00:00","","Metro","فوق الأرض","null","1970-01-01 01:00:00","Um Al Sheif","1970-01-01 05:00:00","in service","1970-01-01 05:00:00","1970-01-01 12:00:00","55.207898","أم الشيف","1","null","WIFI, Restrooms, Waiting Area, Air-conditioning, Shopping, Restaurants, Vending Machines, Elevator, Escalator","R31","1970-01-01 12:00:00","1970-01-01 05:00:00","25.126721","1970-01-01 05:00:00","1970-01-01 01:00:00","1970-01-01 05:00:00"
"null","","null","null","2","null","null","","null","NO","Marine","","null","null","Jebel Ali Golf Club Marine Transport Station","null","NO","null","null","55.02358","محطة فندق ومنتجع جبل علي للنقل البحري","null","null","","27901","null","null","24.98897","null","null","null"
"1970-01-01 05:00:00","Elevated","1970-01-01 05:00:00","1970-01-01 12:00:00","6","2009-09-09","1970-01-01 12:00:00","Red","1970-01-01 12:00:00","","Metro","فوق الأرض","null","1970-01-01 01:00:00","Financial Centre","1970-01-01 05:00:00","in service","1970-01-01 05:00:00","1970-01-01 12:00:00","55.275587"," المركز المالي","1","null","WIFI, Restrooms, Waiting Area, Air-conditioning, Shopping, Restaurants, Vending Machines, Elevator, Escalator","R24","1970-01-01 12:00:00","1970-01-01 05:00:00","25.21103","1970-01-01 05:00:00","1970-01-01 01:00:00","1970-01-01 05:00:00"
"1970-01-01 05:00:00","Elevated","1970-01-01 05:00:00","1970-01-01 12:00:00","2","2010-04-30","1970-01-01 12:00:00","Red","1970-01-01 12:00:00","","Metro","فوق الأرض","null","1970-01-01 01:00:00","Dubai Internet City","1970-01-01 05:00:00","in service","1970-01-01 05:00:00","1970-01-01 12:00:00","55.173781"," مدينة دبي للانترنت","1","null","WIFI, Restrooms, Waiting Area, Air-conditioning, Shopping, Restaurants, Vending Machines, Elevator, Escalator","R34","1970-01-01 12:00:00","1970-01-01 05:00:00","25.102096","1970-01-01 05:00:00","1970-01-01 01:00:00","1970-01-01 05:00:00"
"null","Elevated","null","null","2","null","null","Route 2020","null","","Metro","فوق الأرض","null","null","Discovery Gardens","null","","null","null","55.145317","ديسكفري جاردنز ","1","null","WIFI, Restrooms, Waiting Area, Air-conditioning, Shopping, Restaurants, Vending Machines, Elevator, Escalator","R71","null","null","25.035224","null","null","null"
"1970-01-01 06:00:00","Elevated","1970-01-01 06:00:00","1970-01-01 01:00:00","2","2014-11-11","1970-01-01 01:00:00","Tram","1970-01-01 01:00:00","","Tram","فوق الأرض","null","1970-01-01 01:00:00","Dubai Marina Mall","1970-01-01 06:00:00","","1970-01-01 06:00:00","1970-01-01 01:00:00","55.141974","دبي مارينا مول","1","null","WIFI, Air-conditioning, Waiting Area (Without Seats)","T4","1970-01-01 01:00:00","1970-01-01 06:00:00","25.0763","1970-01-01 06:00:00","1970-01-01 01:00:00","1970-01-01 09:00:00"
"1970-01-01 05:00:00","Elevated","1970-01-01 05:00:00","1970-01-01 12:00:00","6","2009-09-09","1970-01-01 12:00:00","Red","1970-01-01 12:00:00","","Metro","فوق الأرض","null","1970-01-01 01:00:00","Al Jafiliya","1970-01-01 05:00:00","in service","1970-01-01 05:00:00","1970-01-01 12:00:00","55.292132"," الجافلية","1","null","WIFI, Restrooms, Waiting Area, Air-conditioning, Shopping, Restaurants, Vending Machines, Elevator, Escalator","R21","1970-01-01 12:00:00","1970-01-01 05:00:00","25.233497","1970-01-01 05:00:00","1970-01-01 01:00:00","1970-01-01 05:00:00"
"null","","null","null","6","null","null","","null","NO","Marine","","null","null","Creek Park A Marine Transport Station","null","NO","null","null","55.32413","محطة حديقة الخور – أ للنقل البحري","null","null","","27001","null","null","25.24804","null","null","null"
"1970-01-01 05:30:00","Transmittal","1970-01-01 05:30:00","1970-01-01 12:00:00","6","2011-09-09","1970-01-01 12:00:00","Green","1970-01-01 12:00:00","","Metro","محطة تحويل","null","1970-01-01 01:00:00","BurJuman - Green Line","1970-01-01 05:30:00","","1970-01-01 05:30:00","1970-01-01 12:00:00","55.304252"," برجمان  - الخط الأخضر","1","null","WIFI, Restrooms, Waiting Area, Air-conditioning, Shopping, Restaurants, Vending Machines, Elevator, Escalator","G26","1970-01-01 12:00:00","1970-01-01 05:30:00","25.254856","1970-01-01 05:30:00","1970-01-01 01:00:00","1970-01-01 10:00:00"
"1970-01-01 12:00:00","","1970-01-01 12:00:00","1970-01-01 12:00:00","5","null","1970-01-01 12:00:00","22;88; C15;E307","1970-01-01 12:00:00","","BUS","","null","1970-01-01 12:00:00","Deira City Center Bus Station","1970-01-01 12:00:00","","1970-01-01 12:00:00","1970-01-01 12:00:00","55.329513","محطة ديرة سيتي سنتر","3","null","","DCCT","1970-01-01 12:00:00","1970-01-01 12:00:00","25.256253","1970-01-01 12:00:00","1970-01-01 12:00:00","1970-01-01 12:00:00"
"null","","null","null","6","null","null","","null","NO","Marine","","null","null","Burj Khalifa Lake Marine Transport Station","null","Working","null","null","55.27695","محطة بحيرة برج خليفة للنقل البحري","null","null","","999997","null","null","25.19637","null","null","null"
"1970-01-01 12:00:00","","1970-01-01 12:00:00","1970-01-01 12:00:00","7","null","1970-01-01 12:00:00","E16;H03","1970-01-01 12:00:00","","BUS","","null","1970-01-01 12:00:00","Hatta; Bus Station","1970-01-01 12:00:00","","1970-01-01 12:00:00","1970-01-01 12:00:00","56.120168","حتا ; محطة الحافلات","2","null","","HBS","1970-01-01 12:00:00","1970-01-01 12:00:00","24.803245","1970-01-01 12:00:00","1970-01-01 12:00:00","1970-01-01 12:00:00"
"null","","null","null","2","null","null","","null","NO","Marine","","null","null","Al Safouh Marine Transport Station","null","NO","null","null","55.16427","محطة الصفوح للنقل البحري","null","null","","27801","null","null","25.11543","null","null","null"
"1970-01-01 05:00:00","Elevated","1970-01-01 05:00:00","1970-01-01 12:00:00","2","2010-10-15","1970-01-01 12:00:00","Red","1970-01-01 12:00:00","","Metro","فوق الأرض","null","1970-01-01 01:00:00","Mashreq","1970-01-01 05:00:00","in service","1970-01-01 05:00:00","1970-01-01 12:00:00","55.190931","المشرق","1","null","WIFI, Restrooms, Waiting Area, Air-conditioning, Shopping, Restaurants, Vending Machines, Elevator, Escalator","R33","1970-01-01 12:00:00","1970-01-01 05:00:00","25.114809","1970-01-01 05:00:00","1970-01-01 01:00:00","1970-01-01 05:00:00"
"1970-01-01 05:00:00","Transmittal","1970-01-01 05:00:00","1970-01-01 12:00:00","6","2009-09-09","1970-01-01 12:00:00","Red","1970-01-01 12:00:00","","Metro","محطة تحويل","null","1970-01-01 01:00:00","BurJuman - Red Line","1970-01-01 05:00:00","in service","1970-01-01 05:00:00","1970-01-01 12:00:00","55.304253"," برجمان - الخط الأحمر","1","null","WIFI, Restrooms, Waiting Area, Air-conditioning, Shopping, Restaurants, Vending Machines, Elevator, Escalator","R19","1970-01-01 12:00:00","1970-01-01 05:00:00","25.254856","1970-01-01 05:00:00","1970-01-01 01:00:00","1970-01-01 05:00:00"
"null","","null","null","6","null","null","","null","NO","Marine","","null","null","Burj Plaza  Marine Transport station","null","Working","null","null","55.27491","محطة برج بلازا للنقل البحري","null","null","","999999","null","null","25.192","null","null","null"
"null","Elevated","null","null","2","null","null","Route 2020","null","","Metro","فوق الأرض","null","null","The Gardens","null","","null","null","55.135051","الحدائق","1","null","WIFI, Restrooms, Waiting Area, Air-conditioning, Shopping, Restaurants, Vending Machines, Elevator, Escalator","R70","null","null","25.043438","null","null","null"
"null","Elevated","null","null","1","null","null","Route 2020","null","","Metro","فوق الأرض","null","null","Expo 2020","null","not in service","null","null","55.146201","إكسبو 2020","1","null","WIFI, Restrooms, Waiting Area, Air-conditioning, Shopping, Restaurants, Vending Machines, Elevator, Escalator","R76","null","null","24.963368","null","null","null"
"1970-01-01 05:30:00","Elevated","1970-01-01 05:30:00","1970-01-01 12:00:00","5","2011-09-09","1970-01-01 12:00:00","Green","1970-01-01 12:00:00","","Metro","فوق الأرض","null","1970-01-01 01:00:00","Al Nahda","1970-01-01 05:30:00","","1970-01-01 05:30:00","1970-01-01 12:00:00","55.369341"," النهدة","1","null","WIFI, Restrooms, Waiting Area, Air-conditioning, Shopping, Restaurants, Vending Machines, Elevator, Escalator","G14","1970-01-01 12:00:00","1970-01-01 05:30:00","25.273274","1970-01-01 05:30:00","1970-01-01 01:00:00","1970-01-01 10:00:00"
"1970-01-01 05:00:00","Elevated","1970-01-01 05:00:00","1970-01-01 12:00:00","2","2010-10-15","1970-01-01 12:00:00","Red","1970-01-01 12:00:00","","Metro","فوق الأرض","null","1970-01-01 01:00:00","Al Khail","1970-01-01 05:00:00","in service","1970-01-01 05:00:00","1970-01-01 12:00:00","55.158026","الخيل","1","null","WIFI, Restrooms, Waiting Area, Air-conditioning, Shopping, Restaurants, Vending Machines, Elevator, Escalator","R35","1970-01-01 12:00:00","1970-01-01 05:00:00","25.088917","1970-01-01 05:00:00","1970-01-01 01:00:00","1970-01-01 05:00:00"
"1970-01-01 05:30:00","Underground","1970-01-01 05:30:00","1970-01-01 12:00:00","6","2011-09-09","1970-01-01 12:00:00","Green","1970-01-01 12:00:00","","Metro","تحت الأرض","null","1970-01-01 01:00:00","Al Ghubaiba","1970-01-01 05:30:00","","1970-01-01 05:30:00","1970-01-01 12:00:00","55.288954"," الغبيبة","1","null","WIFI, Restrooms, Waiting Area, Air-conditioning, Shopping, Restaurants, Vending Machines, Elevator, Escalator","G24","1970-01-01 12:00:00","1970-01-01 05:30:00","25.265085","1970-01-01 05:30:00","1970-01-01 01:00:00","1970-01-01 10:00:00"
"1970-01-01 08:00:00","","1970-01-01 08:00:00","1970-01-01 11:00:00","5","null","1970-01-01 11:00:00","CR5","1970-01-01 11:00:00","NO","Marine","","null","1970-01-01 12:00:00","Al  Fahidi Marine Transport Station","1970-01-01 08:00:00","Working","1970-01-01 08:00:00","1970-01-01 11:00:00","55.30086","محطة الفهيدي للنقل البحري","null","null","","26901","1970-01-01 11:00:00","1970-01-01 08:00:00","25.26539","1970-01-01 08:00:00","1970-01-01 11:00:00","1970-01-01 10:00:00"
"1970-01-01 05:00:00","Transmittal","1970-01-01 05:00:00","1970-01-01 12:00:00","5","2009-09-09","1970-01-01 12:00:00","Red","1970-01-01 12:00:00","","Metro","محطة تحويل","null","1970-01-01 01:00:00","Union - Red Line","1970-01-01 05:00:00","in service","1970-01-01 05:00:00","1970-01-01 12:00:00","55.313903"," الاتحاد - الخط الأحمر","1","null","WIFI, Restrooms, Waiting Area, Air-conditioning, Shopping, Restaurants, Vending Machines, Elevator, Escalator","R18","1970-01-01 12:00:00","1970-01-01 05:00:00","25.266336","1970-01-01 05:00:00","1970-01-01 01:00:00","1970-01-01 05:00:00"
"1970-01-01 07:00:00","","1970-01-01 07:00:00","1970-01-01 11:30:00","5","null","1970-01-01 11:30:00","BM2","1970-01-01 11:30:00","NO","Marine","","null","1970-01-01 12:00:00","Dubai Festival City Marine Transport Station","1970-01-01 07:00:00","Working","1970-01-01 07:00:00","1970-01-01 11:30:00","55.34931","محطة دبي فيستيفال سيتي للنقل البحري","null","null","AC;Rest room;vending","26301","1970-01-01 11:30:00","1970-01-01 07:00:00","25.22223","1970-01-01 07:00:00","1970-01-01 11:30:00","1970-01-01 08:00:00"
"1970-01-01 05:30:00","Elevated","1970-01-01 05:30:00","1970-01-01 12:00:00","5","2011-09-09","1970-01-01 12:00:00","Green","1970-01-01 12:00:00","","Metro","فوق الأرض","null","1970-01-01 01:00:00","Abu Baker Al Siddique","1970-01-01 05:30:00","in service","1970-01-01 05:30:00","1970-01-01 12:00:00","55.332983"," أبوبكر الصديق","1","null","WIFI, Restrooms, Waiting Area, Air-conditioning, Shopping, Restaurants, Vending Machines, Elevator, Escalator","G18","1970-01-01 12:00:00","1970-01-01 05:30:00","25.270904","1970-01-01 05:30:00","1970-01-01 01:00:00","1970-01-01 10:00:00"
"null","","null","null","2","null","null","","null","NO","Marine","","null","null","La Mer Marine Transport Station","null","NO","null","null","55.25879","محطة لامير للنقل البحري","null","null","","27401","null","null","25.23355","null","null","null"
"1970-01-01 05:30:00","Elevated","1970-01-01 05:30:00","1970-01-01 12:00:00","6","2011-09-09","1970-01-01 12:00:00","Green","1970-01-01 12:00:00","","Metro","فوق الأرض","null","1970-01-01 01:00:00","Dubai Healthcare City","1970-01-01 05:30:00","","1970-01-01 05:30:00","1970-01-01 12:00:00","55.322866"," مدينة دبي الطبية","1","null","WIFI, Restrooms, Waiting Area, Air-conditioning, Shopping, Restaurants, Vending Machines, Elevator, Escalator","G28","1970-01-01 12:00:00","1970-01-01 05:30:00","25.230903","1970-01-01 05:30:00","1970-01-01 01:00:00","1970-01-01 10:00:00"
"1970-01-01 06:00:00","Elevated","1970-01-01 06:00:00","1970-01-01 01:00:00","2","2014-11-11","1970-01-01 01:00:00","Tram","1970-01-01 01:00:00","","Tram","فوق الأرض","null","1970-01-01 01:00:00","Mina Seyahi","1970-01-01 06:00:00","","1970-01-01 06:00:00","1970-01-01 01:00:00","55.148605","الميناء السياحي","1","null","WIFI, Air-conditioning, Waiting Area (Without Seats)","T7","1970-01-01 01:00:00","1970-01-01 06:00:00","25.091059","1970-01-01 06:00:00","1970-01-01 01:00:00","1970-01-01 09:00:00"